ID,Description,setSize,enrichmentScore,NES,pvalue,p.adjust,qvalue,rank,leading_edge,core_enrichment,cell_line,direction,representative_ID,representative_term
GO:0001819,positive regulation of cytokine production,360,-0.3087326014236965,-1.4957392301044996,9.596537757404723e-5,0.023542051943960585,0.02200775381399083,2531,"tags=30%, list=19%, signal=25%",9181/23236/3665/5781/116449/29126/4938/80381/25865/81844/10554/3552/5610/2627/10333/4940/834/6675/5027/6653/9466/51157/54093/8013/80342/150372/2597/4050/8772/54502/144811/5588/8877/3105/161882/3600/8809/115362/3603/84632/3066/10621/3556/64170/7040/6504/3572/7100/331/5144/9308/941/7294/10626/55703/2648/3702/4939/8140/84433/79132/2625/3594/3663/340061/6284/2149/8482/7291/5142/7292/22900/351/84282/3428/163486/7096/23411/10159/25/3115/7784/57506/3659/51571/22954/6777/192683/27086/9261/5008/4155/6693/81622/4088/1604/602/6774/85364/5603/3315/942/861/5295/9641/3098/7297/7805,HH,Down,GO:0001819,positive regulation of cytokine production
GO:0006790,sulfur compound metabolic process,236,-0.3432373896594516,-1.5706518237840195,2.1329298450844486e-4,0.035973194918502406,0.03362872614305843,1527,"tags=25%, list=12%, signal=22%",10768/1468/2135/50515/2678/56548/254552/4548/2132/64780/8460/373156/1738/100131187/9200/2539/55711/64131/4258/3141/9953/8459/5164/4357/84836/27010/84188/9446/26027/7358/8801/1499/4594/2729/84649/3425/26873/6777/55902/113189/6611/126792/9645/7263/8702/26035/92370/3073/79586/2876/10550/11001/2990/215/642/22856/6776/3074,HH,Down,GO:0006790,sulfur compound metabolic process
GO:0010952,positive regulation of peptidase activity,130,-0.4349710590719434,-1.8536668036727528,8.513107628159184e-6,0.006563605981310731,0.006135838325077738,1105,"tags=22%, list=8%, signal=21%",10134/317/5468/637/2149/581/4137/22900/3428/23411/23787/23151/23385/26999/65992/51065/9026/4155/4088/27113/489/6774/8301/8743/10550/2534/1512/5366/7805,HH,Down,GO:0010952,positive regulation of peptidase activity
GO:0042098,T cell proliferation,171,-0.41826581761105697,-1.8404880992007888,3.6706727184777026e-6,0.005144840863932962,0.004809537903285585,1716,"tags=29%, list=13%, signal=25%",8772/5588/3105/3600/9047/7048/3280/9231/6504/3572/259307/941/84433/6654/6385/3485/3594/637/581/6655/8379/3559/1499/7292/868/64926/648/25/3115/7784/3659/604/6777/23385/970/3988/3071/5074/6693/1604/4478/5573/942/2534/896/5621/57045/7297/7157,HH,Down,GO:0042098,T cell proliferation
GO:0042110,T cell activation,447,-0.30521442943339905,-1.4973808777367608,1.9965593092959462e-5,0.009795845992972929,0.009157424659766,1732,"tags=23%, list=13%, signal=20%",3981/8772/5588/6775/3105/64218/161882/3600/3575/8809/9047/3140/7048/2177/3280/9231/7040/6722/6504/3572/259307/5316/9308/3707/941/2648/3702/9474/8320/84433/6654/6385/2625/6604/64410/3485/3594/678/399/637/197358/4092/2309/581/6655/8379/3955/3559/2319/1499/1445/7480/7292/868/64926/648/1803/25/3115/7784/3659/604/51571/1880/6777/27/23385/970/196528/3988/3071/57089/27086/9021/5074/6693/4088/1604/602/6774/3683/4478/639/440275/5573/596/942/3718/2534/896/5621/5873/861/5295/57045/56940/7297/9840/7157/7805/55824,HH,Down,GO:0042110,T cell activation
GO:0042149,cellular response to glucose starvation,42,-0.59793163302574,-2.1009329653320368,1.8728479255815132e-5,0.009795845992972929,0.009157424659766,1513,"tags=31%, list=12%, signal=27%",9463/143686/7532/8140/2309/3428/23411/6513/11133/27244/596/7157/5366,HH,Down,GO:0042149,cellular response to glucose starvation
GO:0050777,negative regulation of immune response,139,-0.42074275649334486,-1.810202175279029,1.547098579323482e-5,0.009277434480676479,0.008672799404324501,1654,"tags=27%, list=13%, signal=23%",6223/54625/3105/3575/55061/7040/6504/259307/941/9474/79132/103/401397/5468/613/11274/197358/4092/7292/5045/3428/140775/57506/604/2241/7301/25939/3071/55829/6693/1604/2876/64092/3718/2534/966/56940,HH,Down,GO:0050777,negative regulation of immune response
GO:0060396,growth hormone receptor signaling pathway,19,-0.7371528767859942,-2.085127447112692,4.566895640269884e-5,0.0145013361770897,0.013556245535393138,524,"tags=42%, list=4%, signal=40%",6777/5747/6774/3718/5829/5295/7297/6776,HH,Down,GO:0060396,growth hormone receptor signaling pathway
GO:0072593,reactive oxygen species metabolic process,156,-0.3766090587449273,-1.6407572325040731,2.887502028871239e-4,0.04328846791616132,0.04046724334613991,1555,"tags=23%, list=12%, signal=21%",3684/7048/7040/3692/1026/7295/706/1182/7351/2539/3689/57103/9474/2643/4689/613/873/2309/4137/9263/847/6526/3988/4846/55312/27244/2876/1728/596/1647/2534/54541/5873/215/7157/5366,HH,Down,GO:0072593,reactive oxygen species metabolic process
GO:0002396,MHC protein complex assembly,18,-0.7268330549792403,-2.1125068799726505,5.0791077856726344e-5,0.029376588527506138,0.027679763450724506,1879,"tags=67%, list=14%, signal=57%",3115/3117/3119/3127/3109/3123/3113/55080/3105/6892/3111/567,HuT 78,Down,GO:0002501,peptide antigen assembly with MHC protein complex
GO:0032823,regulation of natural killer cell differentiation,10,-0.8340204896357944,-2.106162361085046,8.986352053112603e-5,0.03233289468709915,0.0304653100130435,820,"tags=50%, list=6%, signal=47%",3600/22890/3601/10125/639,HuT 78,Down,GO:0032823,regulation of natural killer cell differentiation
GO:0006302,double-strand break repair,289,-0.3060554188736752,-1.5313828013665145,1.9910568688961744e-5,0.0029042524111980144,0.002489529143328218,2586,"tags=30%, list=20%, signal=25%",157570/11200/4796/151636/84142/4172/10635/196528/29072/284071/1111/8317/605/1108/25939/84250/6944/55086/25836/253714/5591/5423/113510/51567/7486/79913/54969/55193/6605/25900/3146/7520/24144/545/55257/1663/64769/4436/672/54556/4173/8193/675/58493/29117/57223/9401/25913/8914/79184/9937/8110/9275/3297/6597/86/27339/6119/23028/23126/7913/8089/5892/142/9907/1653/55345/7155/1457/6118/83990/84515/85456/9319/6599/25/254394/149840/54799/4176/3980/23137/6419/80010/79677/8289/348654/6595,MyLa,Down,GO:0006302,double-strand break repair
GO:0006354,DNA-templated transcription elongation,130,-0.3392313338735209,-1.518866939405608,5.608326925781873e-4,0.02501499208135931,0.021442885462210817,2429,"tags=28%, list=19%, signal=23%",10771/7469/23160/29072/85403/3192/6917/2068/5438/22916/92105/55756/8861/55193/9150/284695/9733/10025/25920/81857/6830/51574/7936/25896/5434/4686/170394/57805/142/51497/57117/3150/221830/9439/55656/2962,MyLa,Down,GO:0006354,DNA-templated transcription elongation
GO:0033044,regulation of chromosome organization,236,-0.29353081814024456,-1.422987454422018,0.0012283680377645151,0.03753933599179102,0.032178770210335474,2343,"tags=26%, list=18%, signal=22%",55226/196528/3192/10783/9587/7014/605/84250/23397/23310/79913/8260/56155/55193/6605/7520/125476/545/51434/1663/9918/1843/10155/170506/23293/8193/9869/29882/51535/57343/4216/29117/51451/25913/9183/8110/9275/55196/167227/201161/6597/86/8313/10051/142/10576/11130/10664/9319/6599/10923/7013/23137/6419/4609/79677/8289/348654/5609/3184/6595,MyLa,Down,GO:0033044,regulation of chromosome organization
GO:0034502,protein localization to chromosome,109,-0.3643007144189579,-1.5744702427278314,8.642739920042761e-4,0.031106054035744915,0.026664152109280772,3136,"tags=40%, list=24%, signal=31%",7203/7518/546/8365/27336/10694/3009/157570/23272/4796/1736/55506/29072/7014/84250/55166/25836/253714/8019/25900/27085/3720/7520/545/80124/7015/4436/9656/675/51535/25913/9183/91272/142/10576/10664/6118/84515/222229/254394/7013/23137/55920/51176,MyLa,Down,GO:0034502,protein localization to chromosome
GO:0045663,positive regulation of myoblast differentiation,34,-0.5403945114695938,-1.9119001023306723,8.114242120373082e-4,0.031106054035744915,0.026664152109280772,1112,"tags=35%, list=9%, signal=32%",55193/6605/29117/8110/6597/86/6599/8740/8289/6659/4208/6595,MyLa,Down,GO:0045661,regulation of myoblast differentiation
GO:0051983,regulation of chromosome segregation,122,-0.3593166606050803,-1.5885300521724735,2.515351713662131e-4,0.015361605411896323,0.013167989191906681,2326,"tags=30%, list=18%, signal=24%",196528/3192/10783/9587/605/23397/23310/56155/55193/6605/51434/9918/1843/51759/8193/29882/29117/51451/23369/9183/8110/9275/6597/86/10051/11130/1457/9319/6599/23137/55920/79677/5359/8289/348654/6595,MyLa,Down,GO:0051983,regulation of chromosome segregation
GO:0000959,mitochondrial RNA metabolic process,53,-0.5063469213548133,-1.9673623780707887,1.2475989796468514e-4,0.006292795974910333,0.005187998905034177,2359,"tags=43%, list=18%, signal=36%",10128/25821/54802/9238/51106/10352/64863/80324/51001/57215/9692/2617/81892/57570/3028/84881/6832/124454/60528/79675/84275/5442/79828,SeAx,Down,GO:0000959,mitochondrial RNA metabolic process
GO:0002181,cytoplasmic translation,154,-0.3314692656147834,-1.5253104493379628,8.264522304562411e-4,0.019308929384295813,0.01591895000290969,3002,"tags=34%, list=23%, signal=26%",6201/54505/6217/6301/6194/6142/51121/6130/54956/6132/8893/1974/8665/8892/25873/8562/57409/23521/55854/1981/6137/6146/8890/2107/6207/6170/6231/2332/170506/6188/6139/6181/6169/10492/6210/6144/6154/2475/6135/1968/6208/1983/1819/6209/7555/24140/6235/6164/6133/6168/6230/6157,SeAx,Down,GO:0002181,cytoplasmic translation
GO:0006270,DNA replication initiation,36,-0.5880132721486697,-2.0790366341634257,5.085811176486564e-5,0.00370920579993216,0.0030579977017082083,2858,"tags=64%, list=22%, signal=50%",990/8318/4172/11073/4176/4171/23595/64318/4998/5557/4999/81620/222229/4683/1017/55388/5422/5000/4175/23594/5001/25792/997,SeAx,Down,GO:0006270,DNA replication initiation
GO:0006399,tRNA metabolic process,192,-0.44421987763091075,-2.08259151145497,2.133364346088674e-10,3.837922458613524e-7,3.1641161722515174e-7,2581,"tags=41%, list=20%, signal=33%",127253/348180/221078/51010/1787/57038/54859/55623/1653/25821/10667/84705/54802/54974/54920/92935/81627/54517/84520/661/10557/2975/10352/55278/93587/79731/123263/80324/81605/60487/92675/6741/3735/9330/55798/55718/3376/4677/9692/91801/79693/8846/115708/84186/10248/2617/23016/2972/55250/158234/134637/55140/55644/5188/57570/55226/3028/7453/57470/23405/51637/23395/84881/24140/207/5394/79587/283989/124454/112487/11340/60528/25940/23587/79828/5434/1615/10056,SeAx,Down,GO:0006399,tRNA metabolic process
GO:0006457,protein folding,179,-0.38017292825094334,-1.7747180205875865,6.258954985014454e-6,0.0010692228657040322,8.815043549205591e-4,2703,"tags=36%, list=21%, signal=29%",957/10845/10575/5201/5903/56886/7184/3301/23640/3320/80273/51303/5611/54431/10465/8570/6102/134266/26278/3313/3336/9531/11140/2896/131474/10961/573/2280/3308/908/55664/90624/5481/23071/9093/6904/53938/134492/10954/27000/3329/3326/10808/10726/30001/9049/10525/10105/402/8882/3998/10131/84750/10728/6950/51182/3312/10294/10598/10549/26973/1676/8872/10049/7456,SeAx,Down,GO:0006457,protein folding
GO:0006520,amino acid metabolic process,221,-0.35870426437820774,-1.714368340025475,6.875479924350432e-6,0.0011244534894460387,9.270383936277282e-4,2879,"tags=37%, list=22%, signal=29%",6301/25973/1373/339983/283459/51540/8833/56954/4329/5095/5096/594/384/57038/8604/10667/63826/112399/256987/92935/8659/36/10352/55278/27034/79731/56267/5625/790/5831/80017/84245/64087/4953/2954/3155/3735/3376/2744/4677/1491/23463/587/84842/9945/2617/81539/152926/2356/22929/5188/11315/125061/3028/6470/1743/7453/10295/79814/57470/4942/5033/4522/23395/38/10247/1738/56922/2731/4357/51078/79587/124454/5198/5723/60496/2746/6611/1615/10056/2806/64116,SeAx,Down,GO:0006520,amino acid metabolic process
GO:0006839,mitochondrial transport,156,-0.32396435783256483,-1.489698100094551,0.0021837334470930663,0.035180923623765015,0.029004371660211754,2382,"tags=35%, list=18%, signal=29%",29957/92609/5663/3320/79714/8604/26515/80273/1267/115286/10166/29074/23788/10651/26520/55750/134266/11194/90550/22/26521/131474/94081/79594/10245/29928/10452/117145/3308/26519/9512/152926/6548/1386/158234/28978/664/29103/3329/578/26517/10469/10105/7416/119559/3099/55737/9131/100287932/84275/292/10939/93974/64116,SeAx,Down,GO:0006839,mitochondrial transport
GO:0007005,mitochondrion organization,461,-0.3188663455553809,-1.6522596166220265,3.5068891384264394e-8,1.8926680680087495e-5,1.560381093487217e-5,2784,"tags=34%, list=21%, signal=28%",8936/4711/26235/1678/5018/55062/84987/55187/6687/137682/1763/4709/4707/4728/84233/139341/581/6648/7019/56181/6790/92609/22863/729515/3320/51537/26515/54974/64112/1267/23647/57226/374291/80119/91647/27166/4702/23788/10651/1459/154791/2810/7386/4725/64863/26520/79135/55750/81554/3313/6240/4705/23230/80224/57602/5245/728568/11140/4719/79017/90550/3155/23192/26521/131474/706/51499/5864/79594/8473/10962/56270/29928/10452/4976/117145/23287/7037/55102/3308/7156/90624/26519/83667/152926/57001/6548/513/26355/1386/158234/9167/28978/51295/9093/8834/4694/5898/81892/54539/2395/4708/91942/55471/79065/54902/3091/11315/10463/664/84971/9927/3028/5716/3329/647087/1352/578/26517/617/2631/1347/3799/10087/4706/207/6832/10928/9361/10105/90871/7416/10075/4000/55210/83858/3099/192111/56947/6341/55735/54927/55737/9131/201164/84275/6742/23277/84883/55572/64423/10730/80821/30968/292/10939/93974/493856,SeAx,Down,GO:0007005,mitochondrion organization
GO:0007097,nuclear migration,23,-0.6133247530784987,-1.9132035653122617,6.023558649115689e-4,0.015191189733307183,0.012524142847915403,1133,"tags=39%, list=9%, signal=36%",6585/199953/5108/10726/4000/5048/84823/29109/9368,SeAx,Down,GO:0007097,nuclear migration
GO:0009165,nucleotide biosynthetic process,241,-0.31877282322817996,-1.5377656909364572,9.925370797743847e-5,0.0055223944531364475,0.004552853213463184,2670,"tags=34%, list=21%, signal=28%",23417/4709/4707/10606/4728/10476/6785/226/515/318/4509/4508/50808/7371/374291/509/55739/100/55229/4702/7114/4725/2182/790/132/4882/9061/32/6240/2180/4705/4719/51703/5162/9551/3735/113/5635/204/506/9556/7298/5636/2617/197322/513/272/5165/4694/2181/54539/8050/4708/79877/125061/6470/65220/4860/4522/64802/38/1841/5631/1738/4706/518/3251/498/5198/2023/10632/10135/6392/6390/5634/5160/471/1737/30968/11332/109/3614,SeAx,Down,GO:0009165,nucleotide biosynthetic process
GO:0042254,ribosome biogenesis,308,-0.426536064637362,-2.1190412662124953,1e-10,2.6985e-7,2.224736842105263e-7,2944,"tags=40%, list=23%, signal=32%",54505/10885/10360/64794/6217/6194/10171/51121/6130/1736/54680/57647/55651/91893/317781/84864/51406/51010/29063/79707/51550/23160/56342/55759/134430/27292/55794/85865/6059/2971/51106/8450/55035/9136/79039/50628/10557/9669/4809/9221/55695/6839/7514/54552/10813/57602/83732/6207/25983/26155/51001/54700/51068/27340/10514/6169/29081/51116/84128/1662/64745/23378/10248/81887/54433/79066/84365/23016/51077/90121/64282/2091/51491/11137/5036/55027/23195/6210/9790/64434/6154/8886/55226/22894/9775/6135/29777/7520/54555/4927/118460/51042/9188/6208/1983/5822/6209/84881/84946/84916/83939/27043/55052/55720/57109/51119/5394/51154/55178/11340/6230/51388/57418/5901/1964/28987/10200/84549/92856/51081/8451/90459/708/26156,SeAx,Down,GO:0022613,ribonucleoprotein complex biogenesis
GO:0043414,macromolecule methylation,164,-0.3119670682619555,-1.447249279134974,0.0023829668525314346,0.03728152782095846,0.030736182498891474,2693,"tags=33%, list=21%, signal=26%",131965/6633/91893/127253/221078/1787/29063/387893/25821/84705/27292/79872/51106/115286/81627/54737/5926/93587/55695/113802/64863/2107/11176/55798/91801/54496/29081/23463/3276/115708/151194/79066/4297/2091/158234/28989/55471/57570/3028/51574/2146/24140/6632/53615/207/8731/55178/23347/25940/84193/54815/79828/5110/2935,SeAx,Down,GO:0032259,methylation
GO:0043648,dicarboxylic acid metabolic process,69,-0.484935197392192,-1.9715009894344964,4.89402284738438e-5,0.0036182248366210274,0.002982989845118064,2099,"tags=38%, list=16%, signal=32%",8801/8659/79944/56267/5625/80017/4200/2744/4191/5106/2356/57001/197322/3417/6470/1743/4942/25902/4522/8803/9380/3418/60496/2746/471/2806,SeAx,Down,GO:0043648,dicarboxylic acid metabolic process
GO:0045333,cellular respiration,219,-0.3661516844443771,-1.746511480059466,2.0715331480658635e-6,5.884244421111298e-4,4.85117485699413e-4,2826,"tags=35%, list=22%, signal=28%",23410/9016/4711/5018/4709/4707/23530/114789/4728/10476/6648/56181/515/1355/4509/4508/57017/8604/374291/8801/509/48/27166/8013/4702/7386/4725/93058/1349/54205/4705/55526/4719/5162/131474/9551/10975/10514/4191/506/7385/90624/513/9167/3417/4694/54539/2395/4708/1431/3091/11315/664/9927/1743/29103/1327/1352/8803/2631/1347/1738/4706/3418/10105/402/498/10131/10632/84275/6392/84883/6390/5160/1737/30968,SeAx,Down,GO:0045333,cellular respiration
GO:0071826,protein-RNA complex organization,203,-0.31407004916339465,-1.486086538317694,0.00031868435454031617,0.010162457427184073,0.008378281802698785,2760,"tags=33%, list=21%, signal=26%",54680/8233/6733/6633/6631/57035/3831/79084/8665/6627/51631/1653/51639/56342/3320/6895/55794/27336/8562/8487/50628/545/23521/4809/10421/55702/57461/11338/1207/472/26747/51634/10569/7375/6732/6169/54496/8683/5433/54960/10659/23450/23195/8607/79833/6135/29777/7520/11051/84811/3326/23405/1968/8175/6208/1983/25929/5822/6209/3799/6632/55052/10728/10594/51081/25804,SeAx,Down,GO:0071826,protein-RNA complex organization
GO:0072522,purine-containing compound biosynthetic process,217,-0.32046532917897813,-1.521470850399092,2.6400355207001407e-4,0.009472372667774018,0.007809352031183167,2781,"tags=36%, list=21%, signal=29%",54956/4711/8833/23417/4709/4707/10606/4728/10476/6785/226/515/318/4509/4508/50808/374291/509/55739/100/55229/4702/7114/4725/2182/132/4882/9061/32/2180/4705/4719/51703/5162/9551/113/5635/204/506/9556/5636/197322/513/272/5165/4694/2181/54539/8050/4708/79877/125061/6470/65220/4860/4522/64802/38/51816/5631/1738/4706/518/3251/498/5198/2023/10632/10135/6392/6390/5634/5160/471/1737/30968/11332/109/3614,SeAx,Down,GO:0072522,purine-containing compound biosynthetic process
GO:0072655,establishment of protein localization to mitochondrion,112,-0.48526793125681233,-2.1428684321044162,6.89150419637229e-8,3.099454012318437e-5,2.5552972138654097e-5,2579,"tags=44%, list=20%, signal=35%",23203/581/3301/92609/3320/26515/80273/64112/23788/10651/1459/26520/55750/134266/57602/26521/131474/706/10245/118424/5880/29928/10452/4285/3308/26519/9512/158234/5898/51100/55823/9927/10055/29103/3329/26517/617/10469/9049/207/10075/3998/3099/56947/9131/100287932/7323/3098/93974,SeAx,Down,GO:0072655,establishment of protein localization to mitochondrion
GO:0140053,mitochondrial gene expression,163,-0.4196512159660124,-1.945715327783009,1.4791218481078818e-7,6.140631241721722e-5,5.0625490299206614e-5,2564,"tags=37%, list=20%, signal=30%",55005/7019/124995/122704/23107/57038/9617/85476/10128/25821/11222/54802/55168/54998/9238/51106/51263/29074/10352/55278/64863/80324/56945/81554/10240/64960/51001/57129/57215/65080/9692/78988/51116/8846/219927/2617/28973/63875/5188/57570/3028/51650/3396/90480/23395/84881/54948/29093/55052/51253/6832/124454/60528/79675/51073/84275/5442/51081/79828/708/7284,SeAx,Down,GO:0140053,mitochondrial gene expression
GO:1901361,organic cyclic compound catabolic process,482,-0.27030752287838283,-1.3936954625434848,5.786132442990526e-5,0.0039034695993524836,0.0032181555048053883,2099,"tags=26%, list=16%, signal=23%",8801/3183/80149/10957/100/8659/114609/30833/54464/8570/167153/4939/2081/56267/5625/26058/79077/10591/79621/283927/6741/23435/54790/2107/55526/2954/219988/472/55132/55270/2332/9611/170506/2584/9444/8473/6050/23367/8630/53343/84186/91875/5151/669/51690/9337/79066/23019/1777/23016/84305/56953/272/64282/10179/5976/10492/124245/51092/26135/1677/80335/81892/4292/23049/6093/3163/3091/340152/22894/2475/9775/125061/9704/56006/54555/79882/118460/23405/4860/4363/8803/64802/23185/38/550643/23034/10247/51816/11164/3251/207/6832/55795/5511/57109/5394/402/8882/51154/11340/65109/60528/5073/2023/3099/51170/60496/79675/9131/3939/9125/55629/11182/11163/25804/1312/27044/2935/28960/1676/953/11332/5230/3098/2806,SeAx,Down,GO:1901361,organic cyclic compound catabolic process
GO:1990830,cellular response to leukemia inhibitory factor,85,-0.376200069017774,-1.5557866982668802,0.0023552366970185047,0.037058928436760556,0.030552663858515326,2116,"tags=33%, list=16%, signal=28%",2494/6432/9021/688/54941/131474/29887/5916/1491/7037/587/129401/9945/11235/5826/51444/10678/4691/9806/7520/2731/8731/3720/3099/6723/11156/84159/292,SeAx,Down,GO:1990830,cellular response to leukemia inhibitory factor
GO:0009152,purine ribonucleotide biosynthetic process,182,0.3893575802010855,1.6334251609064026,2.632106823266165e-4,0.04178082507402204,0.039057857597259216,2270,"tags=29%, list=17%, signal=24%",6389/4833/9061/2182/29922/6392/38/109/1737/2977/11332/55229/6390/100/10606/498/132/6785/50808/8833/4522/3614/2180/5471/2023/10632/4711/4719/51422/54539/2181/4715/23181/5160/51703/7114/4535/32/5198/84532/4712/4882/10476/517/10891/790955/4713/523/4709/79993/4716/113,HH,Up,GO:0009152,purine ribonucleotide biosynthetic process
GO:0001667,ameboidal-type cell migration,316,0.35850591933730935,1.5776707546987896,6.357093977220483e-5,0.029376588527506138,0.027679763450724506,2944,"tags=33%, list=23%, signal=26%",2113/9368/11156/23189/9922/8482/3964/3728/10519/1512/3397/23499/5829/59/27086/55612/3695/6722/10982/4208/51466/708/6776/5294/397/23129/6239/4163/3676/55333/23603/116150/55920/6286/14/5747/5578/11151/7048/7046/4041/7857/91/9404/57124/201161/6405/57669/634/1969/3146/57608/54566/84159/2625/22846/25960/8660/4763/161742/11235/54443/64750/153090/3675/2185/5613/5371/5216/2876/9734/7481/10755/25865/1839/8874/4846/889/5335/8766/7114/64218/58495/3357/2624/25/29941/116844/54345/10672/1201/29775/7124/3673/6615/2050/9270/28984/7422/2896/5336/54567/55698,HuT 78,Up,GO:0001667,ameboidal-type cell migration
GO:0031589,cell-substrate adhesion,260,0.3771743053859725,1.6245781083982755,6.306847916613503e-5,0.029376588527506138,0.027679763450724506,2156,"tags=27%, list=17%, signal=23%",7205/7791/9806/4739/10225/2633/916/23189/3897/4088/3728/10519/23499/5786/87/5829/10018/55612/3695/6722/7070/708/6239/6480/3676/23603/5318/55920/5747/2041/11151/3683/7402/3204/9404/285613/71/57091/9341/5590/6251/57662/57669/3655/10516/9480/3696/84962/83700/4763/3682/7074/81848/54749/5328/9344/1020/3675/2185/10109/960/5613/613/51144/7414/4289/5054/8751/3689/8874/3681,HuT 78,Up,GO:0031589,cell-substrate adhesion
GO:0050851,antigen receptor-mediated signaling pathway,165,0.4439048238398893,1.8370717189745125,5.519671963360675e-6,0.014894834793128782,0.014034492239471275,1730,"tags=33%, list=13%, signal=29%",2534/2633/916/1445/1997/7535/53347/3932/84174/9840/3071/640/1540/27086/915/7070/4208/5074/163486/54900/917/9214/10616/100/23607/7006/26228/5144/5142/919/50852/3635/10603/5583/974/3937/9404/4068/5771/5579/3702/973/5621/2885/634/26191/2625/84433/57181/23308/89857/5788/123920/8892/59338,HuT 78,Up,GO:0050851,antigen receptor-mediated signaling pathway
GO:0061098,positive regulation of protein tyrosine kinase activity,16,0.7487599451673888,2.0161872569529136,1.584994647749294e-4,0.047523422855016324,0.04477841604255462,1033,"tags=38%, list=8%, signal=35%",4739/1741/1742/285489/57091/5621,HuT 78,Up,GO:0061098,positive regulation of protein tyrosine kinase activity
GO:0090130,tissue migration,236,0.4087363063976157,1.7446405896568409,3.951183746690007e-6,0.014894834793128782,0.014034492239471275,2920,"tags=35%, list=22%, signal=28%",2113/11156/23189/9922/72/3964/3728/10519/1512/3397/23499/5829/59/27086/55612/6722/10982/4208/51466/6776/5294/23129/6239/4163/55333/23603/116150/6286/14/5747/5578/11151/7048/7046/7857/9404/57669/634/1969/3146/57608/54566/2625/22846/25960/8660/4763/161742/11235/54443/153090/3675/2185/5613/5216/2876/9734/10755/25865/1839/4846/889/5335/8766/7114/64218/2624/25/29941/116844/54345/1201/29775/7124/3673/6615/2050/9270/28984/7422/2896/5336/54567,HuT 78,Up,GO:0090130,tissue migration
GO:0001523,retinoid metabolic process,42,0.5555157917605524,1.7903560170019095,8.674189107326959e-4,0.031106054035744915,0.026664152109280772,2058,"tags=31%, list=16%, signal=26%",51635/157506/1544/1545/10196/1109/54884/10901/7804/84649/317749/51109/4035,MyLa,Up,GO:0001523,retinoid metabolic process
GO:0001819,positive regulation of cytokine production,360,0.4111258998743118,1.6921402623841033,6.02398861916103e-7,2.167431105174139e-4,1.8579249109622968e-4,1854,"tags=26%, list=14%, signal=23%",7297/3098/942/201633/1604/5008/941/10538/10626/5295/30968/5603/3600/22861/6777/8013/54440/29126/7292/192683/1386/5142/51284/959/340061/7096/468/4088/51157/5293/3578/3315/7805/6504/54502/841/914/9173/6693/10125/3554/10892/8809/5743/5781/1545/2627/3569/23411/3552/80381/4050/3566/116449/115362/3091/3596/3663/64135/948/9308/7784/11148/84433/3115/84282/7040/101/10148/8764/5914/10010/6774/975/3265/10211/4155/24145/3603/23643/56848/5600/9447/3662/7124/56919/1535/149233/81622/4939/7494/3595/3556,MyLa,Up,GO:0001819,positive regulation of cytokine production
GO:0001934,positive regulation of protein phosphorylation,402,0.3506259796719054,1.4493863719484799,2.9283170069963234e-4,0.017178398789955605,0.014725346963099361,2099,"tags=23%, list=16%, signal=20%",942/7157/5607/5008/941/7295/5871/4739/1741/5899/3600/79899/10979/9693/801/10006/1435/960/28996/1386/3976/55011/355/2081/8099/10507/55437/84830/90/23531/6693/5618/5604/10125/10892/116986/64223/5743/4486/5753/5781/84722/5058/57600/3569/23118/23411/10961/30844/8795/6091/23043/5168/1026/9094/4915/3596/8826/5606/55233/948/3624/7040/2247/8792/5217/10399/8764/8784/3265/57161/10211/56005/283/3937/7124/7804/149233/3953/51347/126308/3567/85440/5605/28232/5747/4683/6789/7786/65992/23328,MyLa,Up,GO:0001934,positive regulation of protein phosphorylation
GO:0002250,adaptive immune response,346,0.40053397720302525,1.642800822804413,2.9755486896855788e-6,7.299561944651394e-4,6.257194493381875e-4,1788,"tags=23%, list=14%, signal=20%",64167/7297/9021/942/55824/1604/941/10538/64092/84876/1880/3718/64332/1512/440275/54440/29126/604/6890/7535/7292/8631/639/4068/3111/959/4092/5293/3578/619207/5321/6504/2208/7158/917/9173/6693/3554/10892/8809/60468/3575/814/7030/915/3569/725/121260/4791/23411/27240/1493/3566/3120/7784/3115/80329/5817/7040/925/8792/10148/8764/6774/975/919/3265/6778/6775/9156/79908/5585/3726/2205/3662/7124/2923/149233/81622/51279,MyLa,Up,GO:0002250,adaptive immune response
GO:0002521,leukocyte differentiation,485,0.34286964392513,1.4366333910991822,3.2615646001573164e-4,0.017961902190866363,0.015396967151118587,2107,"tags=24%, list=16%, signal=21%",54997/9021/6776/942/7157/941/10538/1021/4739/1880/5295/3718/5578/648/581/3600/10100/64332/6777/6522/5468/54440/1435/604/7535/7292/3559/25979/1386/639/3976/3111/3601/959/4092/5293/3578/4783/10945/9290/6504/6654/841/914/7480/57178/7922/9840/917/9173/6693/10125/10892/8809/29887/3575/4066/814/7030/915/135228/3569/8651/23411/3552/7130/1493/3566/4297/3624/9308/84433/27166/7040/925/101/56834/84522/8792/6988/399/5925/55509/51542/5914/2175/6774/975/6778/6775/2841/3398/1316/64410/3956/6729/3726/51341/3662/7124/9846/149233/55619/3953/7494/3567/81570/80149/2200/9452/3707/80762/6348/5734/6603/5316/6604/64919,MyLa,Up,GO:0002521,leukocyte differentiation
GO:0002675,positive regulation of acute inflammatory response,18,0.7631645933806691,2.0536967556568246,6.409764512647399e-5,0.007324883212839486,0.0062788999191421245,1687,"tags=61%, list=13%, signal=53%",5008/241/5733/84699/5743/3569/7784/101/8792/1268/7124,MyLa,Up,GO:0002675,positive regulation of acute inflammatory response
GO:0006942,regulation of striated muscle contraction,52,0.5639371051171098,1.87643429955926,1.2230352655410843e-4,0.011001202213542054,0.009430245600093099,963,"tags=27%, list=7%, signal=25%",1756/274/801/6548/5142/4092/3164/287/51130/5997/89/1193/9446/388591,MyLa,Up,GO:0006942,regulation of striated muscle contraction
GO:0007340,acrosome reaction,17,0.7603820384265944,2.005734313982008,1.0817076968244995e-4,0.010065476620279007,0.008628140340369649,1107,"tags=35%, list=9%, signal=32%",2054/8372/2683/109/11057/7784,MyLa,Up,GO:0007340,acrosome reaction
GO:0010765,positive regulation of sodium ion transport,19,0.721083627090624,1.949891571976532,2.212895948260632e-4,0.014928749290953289,0.01279694433237563,573,"tags=37%, list=4%, signal=35%",1756/54997/11261/6548/10768/288/482,MyLa,Up,GO:0010765,positive regulation of sodium ion transport
GO:0010821,regulation of mitochondrion organization,126,0.44323016407913374,1.670391401662037,5.314601879468895e-4,0.024498491450491617,0.02100014041424781,2948,"tags=37%, list=23%, signal=29%",7157/5366/10449/581/2017/5468/10105/57103/51499/201164/4000/599/64423/2876/23770/706/80821/598/27113/3091/10273/93974/192111/27166/54832/27429/1459/6790/7416/56947/5071/8743/6742/10059/8878/10928/10075/5910/79594/2395/11315/207/400916/637/572/5898/10456,MyLa,Up,GO:0010821,regulation of mitochondrion organization
GO:0014819,regulation of skeletal muscle contraction,12,0.8253693481708468,2.0027712450625046,7.523598420398934e-5,0.007661294466960952,0.00656727210678318,927,"tags=33%, list=7%, signal=31%",1756/3164/89/9446,MyLa,Up,GO:0014819,regulation of skeletal muscle contraction
GO:0019221,cytokine-mediated signaling pathway,350,0.4016610170729056,1.6515223903658172,2.7724220401374944e-6,7.125124643153361e-4,6.107666599701398e-4,2401,"tags=29%, list=18%, signal=24%",7297/6776/7157/5008/3587/8718/5295/3718/8519/3600/90268/10581/7293/64332/6777/149951/5468/1435/103/960/5355/3559/3667/142678/400935/7357/28512/3601/340061/355/7805/54502/6654/841/9173/5618/3554/8809/4486/3575/5781/3569/8651/23411/6091/3552/2921/3566/3091/1907/401397/3663/64135/3624/2241/10413/84522/8792/10148/8764/57007/6586/10010/8784/2859/6774/2826/6778/6775/114769/54726/837/9447/7124/3656/7804/1984/149233/59307/4939/3953/3595/330/3556/3567/90933/5071/6348/11240/6772/5034/8807/3557/8638/7185/6367/7128/1235/1540/3627,MyLa,Up,GO:0019221,cytokine-mediated signaling pathway
GO:0022407,regulation of cell-cell adhesion,366,0.42210837864974604,1.7379332987785288,4.015459635258308e-8,7.223811883829696e-5,6.192261437529918e-5,2245,"tags=31%, list=17%, signal=27%",7297/57045/942/55824/201633/1604/5607/11117/941/3718/5578/648/3600/64332/1803/6777/8013/6522/2113/54440/8728/29126/604/7535/7292/960/29851/3559/8631/64926/3111/959/4092/64844/288/7805/6504/3958/84830/7480/57178/9840/6693/10125/10892/2651/3575/5781/9223/26154/3569/1326/53827/8651/4301/3552/80381/928/1493/3566/4651/3120/9308/7784/11148/84433/3115/7040/55714/101/81542/10148/6541/8764/399/8379/5914/999/975/868/10211/64410/4155/3956/961/84034/7124/149233/7494/11151/6385/79414/80380/2650/5465/80149/9750/8440/5747/5074/83706/3707/91663/80762/3329/6603/6604/3112/135/80139/9231/50848/567/3557,MyLa,Up,GO:0022407,regulation of cell-cell adhesion
GO:0032787,monocarboxylic acid metabolic process,435,0.37292074563778643,1.5507848022690707,2.3632501617236047e-5,0.003356437137584814,0.0028771425099100396,1871,"tags=22%, list=14%, signal=20%",80270/9663/3098/157506/7157/1312/241/3074/32/254552/10449/5106/10090/215/5581/669/35/8013/5468/4259/2026/6916/58526/2184/3667/150763/2593/134429/57103/51390/5321/11182/549/84830/8942/6652/1544/5826/55301/64223/5743/113189/84879/1545/2876/26031/3995/25953/9536/11057/10196/242/89/6785/23411/10999/205251/9415/390916/3091/1907/2108/37/948/2571/114880/83667/1109/56922/1384/117145/6774/51495/3712/11332/25902/64410/5264/195827/1268/5223/224/51341/2264/7416/5564/5165/51548/91452/1376/1622/1738/3099/171586/7494/5236/3418,MyLa,Up,GO:0032787,monocarboxylic acid metabolic process
GO:0032944,regulation of mononuclear cell proliferation,185,0.4834256294325878,1.9016101217337984,1.5527324531535617e-7,1.2545209080431295e-4,1.0753770400416517e-4,2025,"tags=31%, list=16%, signal=26%",7297/57045/942/1604/941/1880/648/3600/7293/6777/6522/54440/29126/1435/604/7535/4773/7292/3559/64926/959/64844/51237/933/6504/3958/6654/6693/5618/3569/598/3552/80381/1026/1493/3596/7784/11148/84433/3115/5880/10148/6541/8764/8379/975/868/5585/149233/11151/3567/6385/80380/83593/8440/5074/80762,MyLa,Up,GO:0032944,regulation of mononuclear cell proliferation
GO:0046631,alpha-beta T cell activation,152,0.5243592470329641,2.031588429010057,1.3433724915268847e-8,4.5369405489652345e-5,3.889071650469014e-5,2107,"tags=36%, list=16%, signal=30%",7297/57045/9021/942/1604/941/10538/1880/3718/30968/3600/64332/6522/54440/29126/604/7535/7292/3559/1386/639/64926/4092/917/6693/10892/8809/915/3569/8651/3566/4297/9308/84433/10148/8764/5914/6774/975/919/868/6778/6775/2841/64410/3726/3662/149233/80149/3707/80762/5734/135/64919,MyLa,Up,GO:0042110,T cell activation
GO:0006935,chemotaxis,291,0.37186063031876804,1.5049930986660902,5.109931807863256e-4,0.0241914929535421,0.020736980882325957,3114,"tags=34%, list=24%, signal=26%",80270/57509/1890/4739/1880/391/1803/1435/10584/5355/5142/5479/4088/51157/3164/57118/5293/3315/23396/6504/3958/79647/123920/10507/6693/5604/6558/10488/3569/23767/4046/6091/1826/5168/7130/2921/1907/2241/57449/196527/5880/7040/101/2247/8792/57007/6586/64221/2826/3265/2841/3603/6729/5288/4858/6810/10505/11151/51119/6259/5025/9750/23521/10509/5747/6223/3897/6348/11240/682/10059/4363/10928/1130/1901/6367/1235/5154/3627/652/301/64218/51561/7857/3685/5228/6809/7423/3071/7412/80024/5898/7852/4814/54910/5156/5473/1845,MyLa,Up,GO:0042330,taxis
GO:0042391,regulation of membrane potential,263,0.39304477174912955,1.577140678406117,8.872239097841811e-5,0.008706086256554954,0.007462869059332968,2915,"tags=33%, list=22%, signal=27%",1756/274/5774/5366/581/5575/215/11280/22871/801/6548/23415/10105/4092/288/2745/287/482/10060/781/1137/706/598/3799/205251/388591/4915/776/3751/93974/948/131096/4297/27166/10550/10399/9177/2906/64208/4897/2859/3783/8506/1268/7124/7341/2550/8898/63895/1738/56660/6262/5025/2905/5071/23316/5023/135/480/23613/51738/4734/7415/10935/4882/2273/10021/84275/83959/9699/9498/57555/7531/2332/488/79594/8645/18/5590/11315/207/400916/637/6324/2769/572/80024/112755,MyLa,Up,GO:0042391,regulation of membrane potential
GO:0044273,sulfur compound catabolic process,37,0.563487691921355,1.7678762707752798,0.00177528129388885,0.046520185180600145,0.0398771664313971,3190,"tags=49%, list=24%, signal=37%",3074/254552/215/7263/2817/642/8801/390916/11332/4357/23553/2678/3425/494143/8803/3073/4669/875,MyLa,Up,GO:0044273,sulfur compound catabolic process
GO:0048565,digestive tract development,76,0.4758438026900149,1.676797639492239,0.0017039927251071433,0.04552697394754085,0.03902578440253202,2173,"tags=30%, list=17%, signal=25%",6522/639/4088/57103/429/64220/1373/5753/1281/2627/5310/388389/1026/3091/10413/93/5925/3398/6293/7124/60485/286451/4882,MyLa,Up,GO:0048565,digestive tract development
GO:0050730,regulation of peptidyl-tyrosine phosphorylation,151,0.43093992284323424,1.6679582767965964,1.8391107313801987e-4,0.013785667523970738,0.01181709307663154,1423,"tags=23%, list=11%, signal=20%",9021/7157/5008/941/64092/4739/1741/3600/5581/10006/2039/960/3976/3578/58533/10507/90/64223/5753/5781/3569/8651/30844/9961/5168/9094/3596/948/57732/7040/8764/8784/868/22876,MyLa,Up,GO:0050730,regulation of peptidyl-tyrosine phosphorylation
GO:0051606,detection of stimulus,120,0.42648696837980016,1.603134400308276,0.001113824602264599,0.03517926016922878,0.030155709983862477,2168,"tags=28%, list=17%, signal=24%",1312/11280/801/1386/7096/3164/25861/63982/7273/5058/706/6785/5310/9094/57115/117531/5330/10413/5311/23643/58473/9600/64108/51761/7124/6094/63895/1472/6262/51109/5747/2793/949/84314,MyLa,Up,GO:0051606,detection of stimulus
GO:0052547,regulation of peptidase activity,215,0.40057902762692876,1.5889707271399907,1.4026744760335376e-4,0.011646514072543081,0.00998340780917797,2834,"tags=35%, list=22%, signal=28%",5607/274/5366/581/22861/2810/64065/1512/51065/5468/960/6195/80196/55011/4088/317/51499/355/112399/7805/6695/841/10892/2876/1611/5720/23411/6091/489/27113/10049/26999/9806/5045/27166/27429/10550/10399/10010/6774/23204/114769/4155/83464/9447/7124/3336/1472/330/5978/59082/10395/3329/4035/8743/1992/65992/7415/843/55081/197/1475/331/64170/6300/79594/23787/7079/55031/11315/207/3428/637/80759/1944/2149,MyLa,Up,GO:0052547,regulation of peptidase activity
GO:0001894,tissue homeostasis,177,0.39769509567045525,1.5579925264686207,8.235685343311976e-4,0.031106054035744915,0.026664152109280772,1522,"tags=21%, list=12%, signal=19%",1756/3587/5578/581/64332/6522/54440/1435/166379/25861/9839/9290/482/2651/5743/6558/84879/29887/5781/1281/3569/57482/9545/3908/4297/5880/11171/101/56834/10413/8792/286676/5925/51542/64081/4155/54849,MyLa,Up,GO:0060249,anatomical structure homeostasis
GO:0070201,regulation of establishment of protein localization,430,0.35829871538390956,1.4905708736944696,6.72838838265389e-5,0.0073671152495089045,0.006315101278798482,2452,"tags=27%, list=19%, signal=23%",80223/10857/7295/84876/3708/5295/6860/26056/5106/2746/2810/5581/79899/11261/11156/5901/5468/9695/2039/4641/55691/3667/4088/2308/288/5481/3998/5494/84830/5743/6558/5781/7273/51100/441161/26154/3569/55638/56850/9818/10961/9854/3552/3301/3091/10425/3596/93974/43/948/5784/58480/4947/51092/5880/4756/7040/101/84522/27429/10399/3684/64215/1459/999/26229/975/3265/23255/9662/10815/3783/4193/2864/1268/10055/283/23256/6810/7124/7341/51548/399687/5715/55135/9776/80149/55432/5978/56947/5071/80762/5562/135/51738/10059/9463/2010/51465/9478/79628/51763/1263/79651/23657/11142/8111/9501/10972/10075/57555/7531/652/55823/51009/5910/29934,MyLa,Up,GO:0070201,regulation of establishment of protein localization
GO:0097696,receptor signaling pathway via STAT,113,0.5017041876374357,1.8649121258098735,1.3807423800125071e-5,0.0021917254779198533,0.0018787500805433341,1749,"tags=30%, list=13%, signal=26%",7297/9021/6776/5008/3587/1647/3718/3600/6777/801/5468/57599/3976/3601/3578/5618/5753/3575/1545/3569/5310/8651/3596/2241/7040/8784/6774/22876/6778/6775/4249/5311/7124/149233,MyLa,Up,GO:0097696,receptor signaling pathway via STAT
GO:0120254,olefinic compound metabolic process,82,0.476038043274586,1.6935808977910192,0.0012648075274288729,0.03792314569740904,0.032507772415496475,1968,"tags=24%, list=15%, signal=21%",51635/157506/215/6777/4259/6916/5321/1544/5743/1545/2876/242/9415/1109/54884/10901/84649/317749/51109/5978,MyLa,Up,GO:0120254,olefinic compound metabolic process
GO:2001234,negative regulation of apoptotic signaling pathway,187,0.43605277347713556,1.7156393274799626,4.004019938367793e-5,0.005025510606365344,0.004307874572613574,1826,"tags=28%, list=14%, signal=24%",5607/55179/51616/10449/648/581/64114/2017/960/80196/10525/10105/55011/468/64844/51499/3315/2907/3958/55437/4000/90/599/1495/5743/8837/10488/2876/598/23411/50484/3552/3301/25946/3091/54929/27166/23017/10413/27429/10399/5925/1459/57007/7178/2771/8682/4193/7124/10131/4582/7494,MyLa,Up,GO:2001234,negative regulation of apoptotic signaling pathway
GO:0001501,skeletal system development,362,0.36097220739584274,1.6174642188363704,5.876046665677665e-6,0.0010692228657040322,8.815043549205591e-4,3467,"tags=39%, list=27%, signal=30%",7157/861/25987/22856/23314/1298/55870/3074/4921/4192/171023/81029/3988/29123/302/9215/7353/650/4208/8626/3217/8817/4773/2263/5364/2778/4664/54903/4086/7291/5125/2260/3073/6715/6474/4856/1499/54928/145258/4041/1281/56034/57326/53834/2296/25836/3636/10655/3340/6495/55790/7703/7289/3953/657/1739/9968/5734/5308/2131/8692/7227/63923/3219/2121/139285/3198/27086/10265/4853/10859/83452/59338/5925/3227/51222/6899/93/4088/79925/5075/6926/875/80263/28982/55959/4781/7020/3216/10370/537/4488/23552/3212/202018/860/5744/3226/56243/5915/56603/8879/4325/63827/3218/399979/26160/659/3207/2261/3202/64175/3975/389058/3200/7763/54206/9060/55636/79705/7076/1310/2247/10468/4209/4665/3224/124565/64131/7048/2355/2138/652/5307/2822/7046/23516/7067/85301/5087/10865/3225,SeAx,Up,GO:0001501,skeletal system development
GO:0001655,urogenital system development,48,0.5328161430060205,1.8441113395122655,5.164607698927462e-4,0.013867357090105229,0.011432729375944688,3647,"tags=60%, list=28%, signal=44%",4851/5660/5324/8626/2263/5076/1399/55840/2624/5727/6715/1499/7337/27023/2048/9420/7849/1027/3207/3975/10116/10818/2288/367/3169/652/5087/6662/3206,SeAx,Up,GO:0001655,urogenital system development
GO:0001763,morphogenesis of a branching structure,128,0.4903203747905831,1.9888331666809853,8.000784826853885e-7,2.698764731908151e-4,2.224955096257327e-4,3601,"tags=52%, list=28%, signal=38%",3845/639/4851/596/1522/4192/25/650/10765/57142/4233/8626/3217/780/2263/5076/54903/3082/55366/4204/2260/5727/6474/1499/4041/1435/10253/6495/1739/2131/9231/59277/6926/8914/4488/2297/7080/9955/170690/7849/5311/9620/1813/3207/3202/3975/5154/10116/10818/6909/90/367/1512/2247/9175/7048/2138/10252/23129/3169/652/64783/5087/6662/5361/4323,SeAx,Up,GO:0001763,morphogenesis of a branching structure
GO:0001822,kidney development,214,0.4704322966177054,2.010886963094139,5.623136423010119e-10,7.587016818746403e-7,6.254999384227308e-7,3446,"tags=47%, list=26%, signal=35%",84445/639/4851/6659/596/10409/23322/171023/3399/7161/90780/650/4811/4208/3217/2263/5076/2066/4086/56913/55366/5125/2260/5727/1499/3570/5175/5455/84662/2296/25836/5420/3248/7917/7466/6495/51107/403/9510/163/1739/4643/2131/8692/3690/4091/203286/139285/4853/9231/9863/3227/93/4088/2043/6092/55959/7020/100133941/2674/2297/25959/90410/10018/5915/9955/170690/56603/8879/7849/5754/5311/3280/5530/8516/8842/1644/3207/284/3975/282679/231/5154/1063/4038/221322/1512/847/2247/182/2138/10252/23129/6772/652/4763/1948/11020/7046/7248/5087,SeAx,Up,GO:0001822,kidney development
GO:0002347,response to tumor cell,34,0.5733963288582656,1.8561596845085977,8.949780310295822e-4,0.02051801362220716,0.016915760916117076,570,"tags=29%, list=4%, signal=28%",7805/3105/4851/3592/3123/10666/1612/3140/9314/27303,SeAx,Up,GO:0002347,response to tumor cell
GO:0002396,MHC protein complex assembly,18,0.6818122046770789,1.8995548989557745,7.79138117238556e-4,0.01860806201291463,0.015341130672710984,777,"tags=39%, list=6%, signal=37%",3105/3123/3117/55080/3119/3127/567,SeAx,Up,GO:0002501,peptide antigen assembly with MHC protein complex
GO:0002504,antigen processing and presentation of peptide or polysaccharide antigen via MHC class II,29,0.6395686303700683,2.010180523577504,1.418179912965491e-4,0.0067733778674997835,0.005584207258598165,2092,"tags=52%, list=16%, signal=44%",7057/1515/3123/3117/3119/8722/1520/3127/567/1509/5641/29108/55207/1514/81622,SeAx,Up,GO:0002504,antigen processing and presentation of peptide or polysaccharide antigen via MHC class II
GO:0007186,G protein-coupled receptor signaling pathway,433,0.3176957461880634,1.4438805300138922,4.0045652441497454e-4,0.011682507363608744,0.009631463605701834,3026,"tags=31%, list=23%, signal=24%",23266/2786/9454/9289/22859/115727/5660/23322/375790/5468/493/5139/3627/92255/9826/166647/107/4233/1232/1399/10178/2778/576/2149/6272/88/5579/146850/1952/55366/84634/57528/6091/5566/10563/338557/6346/9693/7976/9943/1951/2296/1608/6653/26033/3248/9475/7301/334/6495/8321/7289/2850/348/4985/6373/5734/2535/5970/1234/7253/3690/56288/7430/1901/1268/5573/59340/60675/9170/5587/9290/6002/57406/156/59345/4836/154/23236/8601/3363/1230/115207/51222/23432/2861/122042/79924/65125/2776/333/1236/8324/202018/760/8323/2696/6096/5744/5028/28964/19/636/11247/7849/9463/2774/2842/152/3269/23284/5530/57512/9620/1813/27347/5997/2316/80045/81491/29767/2781/10818/1129/10636/10755/367/284521/9397/727/26996/153/2550,SeAx,Up,GO:0007186,G protein-coupled receptor signaling pathway
GO:0007389,pattern specification process,313,0.4276585676653101,1.8969062512204677,1.390974594303228e-9,1.2511816475757537e-6,1.0315174754596043e-6,3711,"tags=46%, list=28%, signal=34%",7157/7093/22856/50937/9289/4851/23314/10409/23322/2033/9371/3955/4281/650/84976/65981/4208/8626/3217/6496/2263/5076/1399/7026/54903/2066/4086/1952/7832/2622/5125/2260/5727/6091/1499/56917/145258/4041/6015/2296/10655/6656/6495/2186/221833/388591/79365/5089/7703/7289/657/9968/5308/444/4212/27023/2131/3219/4091/203286/4211/9355/4853/54778/23272/3227/6899/56983/93/23432/4088/6092/57822/6926/3216/10370/3087/4488/408050/3212/4681/23424/2297/23493/79176/64388/3226/7080/8320/8553/56603/7849/5311/3280/4040/11022/284086/3218/26160/659/51098/3207/3202/121643/3975/3200/144165/4038/10818/6909/90/367/57534/221322/5046/2247/10468/3224/7048/2138/10252/3169/652/23059/25914/57585/7046/57801/6604/5087/3225/1959/27019/23509/9645/26005/4036/3206/3223/199221/27031/3234/162/51626,SeAx,Up,GO:0007389,pattern specification process
GO:0007610,behavior,408,0.3255929420958554,1.4677289374964322,2.2776213503298163e-4,0.00874162758472827,0.007206900480899992,2926,"tags=30%, list=22%, signal=24%",3845/7157/2760/7111/2583/596/7057/351/23385/3688/3074/10919/2033/4192/20/55585/894/27/9215/25/5594/7345/824/107/4125/4208/1374/6310/80010/10550/1827/261734/80208/10769/142/3398/4204/23208/7832/3073/567/1272/26090/25946/57555/7466/1454/1385/6328/55902/127343/55236/348/7337/4985/3953/4669/23152/285382/4212/27023/2131/6446/590/1268/6448/10499/5562/5728/100132074/2048/4211/84251/84197/8301/3198/5309/5641/23236/22849/3066/55450/114781/6899/2861/2115/2043/9975/79924/220/9486/10411/5028/90410/84879/7080/28964/5621/2894/4137/148523/94103/8554/85358/3269/54413/8516/3218/10882/1813/2237/85461/80045/8867/29767/81832/10636/6326/7436/8061/55636,SeAx,Up,GO:0007610,behavior
GO:0008340,determination of adult lifespan,28,0.568382622167573,1.7666505782560074,0.0028176543090806644,0.040928053158515186,0.033742504256954395,1329,"tags=29%, list=10%, signal=26%",7157/1822/2583/3988/9215/8626/4669/6448,SeAx,Up,GO:0008340,determination of adult lifespan
GO:0008589,regulation of smoothened signaling pathway,67,0.5492510288885923,2.021979828519173,1.0223481323724094e-5,0.001461479557059683,0.0012048943541131585,2191,"tags=39%, list=17%, signal=32%",22856/55717/6095/23322/2263/54903/2622/5727/6474/25989/5566/64839/84662/92344/3340/137392/1495/7289/2121/9231/283219/5925/23432/80178/23552/860,SeAx,Up,GO:0008589,regulation of smoothened signaling pathway
GO:0009313,oligosaccharide catabolic process,11,0.7775784978021592,1.8987281603769635,3.744915044086587e-4,0.011228503607186283,0.009257167187926317,1200,"tags=45%, list=9%, signal=41%",2760/3074/4125/4758/23324,SeAx,Up,GO:0009313,oligosaccharide catabolic process
GO:0009410,response to xenobiotic stimulus,273,0.3761243892035053,1.643717317098353,1.5235626223676468e-5,0.001749503717642168,0.0014423514456322604,3417,"tags=37%, list=26%, signal=28%",7157/4193/596/7057/6095/10919/20/3988/7161/5139/25/4646/7345/11044/107/4208/1374/952/1848/4773/1399/90313/5579/10257/64078/1545/5727/6715/1499/123/2944/7976/9943/6609/8443/1385/8321/10309/873/7172/25807/5970/5395/3690/590/1800/10014/5562/2621/7050/1026/3066/5925/11309/2987/642/3673/57552/1788/4825/19/5621/56603/2052/10628/9446/1027/2948/1813/874/2309/9/144165/10587/1063/388552/6868/54206/8061/7367/4968/1728/1645/2729/2768/847/5797/9647/7048/4659/2355/29104/3291/6772/1244/2941/57491/1571/2822/7515/57103/6622,SeAx,Up,GO:0009410,response to xenobiotic stimulus
GO:0010633,negative regulation of epithelial cell migration,50,0.5369102979480909,1.8703022710230408,1.631627943696282e-4,0.007399912615234314,0.006100744199915244,1401,"tags=34%, list=11%, signal=30%",4851/7057/5217/23603/1647/5468/493/4208/4163/9314/7026/4204/5793/10563/348/10014/5728,SeAx,Up,GO:0010633,negative regulation of epithelial cell migration
GO:0010975,regulation of neuron projection development,336,0.37028247669231235,1.6517367985750366,6.339657532430801e-6,0.0010692228657040322,8.815043549205591e-4,3497,"tags=40%, list=27%, signal=30%",23654/25987/5792/23413/26115/4193/23191/4921/2033/4192/84628/27/25/83999/65981/7025/57142/780/952/8507/5364/1399/9314/22891/9423/54664/9820/2260/22902/1627/5793/6474/6091/6498/23557/567/23271/1272/9693/55704/950/1608/8934/23043/8321/348/7337/23327/4734/57698/1268/115703/63923/55714/5728/5587/79625/349667/81618/2048/2664/9912/818/9139/2889/1946/2580/3066/9863/9024/1523/57463/4756/57520/2043/51393/6092/57465/10500/27020/8408/5454/10505/23251/84879/8482/4137/6695/29116/4135/85358/5754/3280/23064/11075/5530/659/5997/2011/4858/2316/154141/55558/157285/55754/64175/4038/25793/56965/2288/23111/7436/7869/85442/4133/140578/4139/9175/5526/162427/10611/120114/9638/23129/3196/1948/84446/8850/162979/9762/6792/118813/5802,SeAx,Up,GO:0010975,regulation of neuron projection development
GO:0030167,proteoglycan catabolic process,10,0.8255655395668287,1.9604370586142827,1.0393135596482461e-4,0.005556539298646053,0.0045810034064493665,1816,"tags=80%, list=14%, signal=69%",2990/2720/3425/4669/6448/2817/10855/138050,SeAx,Up,GO:0030167,proteoglycan catabolic process
GO:0030178,negative regulation of Wnt signaling pathway,126,0.420495395952957,1.697218165219364,2.2360743233080572e-4,0.00874162758472827,0.007206900480899992,1642,"tags=26%, list=13%, signal=23%",84445/25987/4851/129293/3487/4192/7091/83999/83786/650/51701/84133/64359/261734/4163/27303/7090/1499/145258/85409/10076/643965/1454/26524/8321/348/6788/10042/63923/139285/4035/115908/7249,SeAx,Up,GO:0030178,negative regulation of Wnt signaling pathway
GO:0031128,developmental induction,20,0.6319188351217678,1.799874178259236,0.0023533149543736947,0.037058928436760556,0.030552663858515326,3565,"tags=75%, list=27%, signal=55%",650/2260/6091/1499/6495/3227/6092/7080/3207/10818/367/2247/10252/652/6662,SeAx,Up,GO:0031128,developmental induction
GO:0032963,collagen metabolic process,60,0.49677301603473273,1.7878514386719901,7.173256697873739e-4,0.01751767710335953,0.014442179596052531,3601,"tags=45%, list=28%, signal=33%",861/1508/4851/3688/4921/1471/57332/2149/54463/1520/10609/4669/9902/3066/51430/3673/1514/4324/4325/64175/162427/2355/652/26276/64115/4602/4323,SeAx,Up,GO:0032963,collagen metabolic process
GO:0033687,osteoblast proliferation,25,0.7345905689160565,2.2175768326100544,1.1602825292915769e-6,3.6835557709333184e-4,3.036850929607118e-4,1825,"tags=60%, list=14%, signal=52%",596/25/650/3685/2263/5364/4041/3726/5610/3690/63923/115908/63979/10855/4088,SeAx,Up,GO:0033687,osteoblast proliferation
GO:0036152,phosphatidylethanolamine acyl-chain remodeling,10,0.812829242672152,1.9301926900872979,1.750900298148095e-4,0.007617798931127323,0.006280377223579414,687,"tags=60%, list=5%, signal=57%",9926/64600/10162/11145/63874/254531,SeAx,Up,GO:0036152,phosphatidylethanolamine acyl-chain remodeling
GO:0042303,molting cycle,75,0.4654396867001712,1.7397182039988415,3.8395475273182375e-4,0.011385735167547543,0.00938679433081214,2807,"tags=40%, list=22%, signal=32%",25987/4851/596/54888/26018/11005/8626/2263/55366/135228/1499/7976/55504/25836/92344/4669/5970/2131/9355/3066/10855/4488/8323/7015/26133/50814/406/11166/5154/4038,SeAx,Up,GO:0042633,hair cycle
GO:0042730,fibrinolysis,13,0.7640991558506266,1.9722155208390142,2.785513165206052e-4,0.00963060058427022,0.007939800604567882,407,"tags=38%, list=3%, signal=37%",5327/7057/302/7391/2161,SeAx,Up,GO:0042730,fibrinolysis
GO:0042982,amyloid precursor protein metabolic process,63,0.48096847325597697,1.738993220535136,9.481833002685083e-4,0.02112810503405126,0.01741874140193571,2890,"tags=43%, list=22%, signal=34%",23385/5074/20/6646/57142/102/2319/6653/9475/1454/51107/1191/348/1739/25825/4669/5970/81618/8301/2043/5621/8728/6253/5664/26574/26119/6868,SeAx,Up,GO:0042982,amyloid precursor protein metabolic process
GO:0043062,extracellular structure organization,189,0.3891653074522007,1.6468360699804776,1.1511897553921938e-4,0.005917115342715876,0.004878274783000304,2596,"tags=30%, list=20%, signal=25%",861/7093/4851/1298/1515/351/3688/4921/5468/302/1471/9215/25/650/3915/4811/84695/11005/780/102/10491/1520/1545/1281/57326/2296/10609/55790/9510/90102/149371/4643/2131/3690/10211/79625/2621/4035/11107/59277/5925/100287171/2192/4088/7049/2620/333/55959/79875/602/5768/4324/170690/4325/8516/56155/5340,SeAx,Up,GO:0043062,extracellular structure organization
GO:0043410,positive regulation of MAPK cascade,306,0.3453332229697019,1.5267271325623177,1.3569367973442274e-4,0.006538739192202495,0.005390763009750047,1931,"tags=25%, list=15%, signal=22%",56940/7805/11184/50937/4851/7057/351/90441/3487/1647/1796/7161/3123/25/4281/650/4208/8817/10550/5871/2263/1399/10178/57608/2149/57551/2066/146850/153769/3082/2260/23162/23005/7936/6091/1499/25778/4296/338557/6346/56034/9693/6464/55504/57630/10253/9475/7039/23043/9618/64762/3340/8844/3552/5610/348/6788/3690/23286/9170/2621/9290/5795/10174/10912/154/23236/4853/3481/1230/4216/29108/6899/1687/2861/84231/1236/8324,SeAx,Up,GO:0043410,positive regulation of MAPK cascade
GO:0045165,cell fate commitment,173,0.41506708861822533,1.740715111693513,2.692728381563534e-5,0.0025951169777318557,0.0021395042986595975,3324,"tags=45%, list=26%, signal=34%",7157/639/50937/4851/596/3688/10919/5468/81029/650/3662/84695/4208/2263/5076/1107/9314/7026/9480/2066/3398/4086/2260/2624/5727/25925/1499/3570/145258/80213/10253/6656/23168/6495/26524/27319/79577/657/116448/2131/4853/3066/4170/6899/9095/6926/8324/4781/1514/1108/6693/5454/23493/860/3226/7080/8320/56603/3280/3574/3207/121643/123169/6909/90/367/4286/2619/170302/54623/2247/5928/182/2138/3169/652/5307,SeAx,Up,GO:0045165,cell fate commitment
GO:0045596,negative regulation of cell differentiation,451,0.3428580475974117,1.5634871049747825,6.286999566000119e-6,0.0010692228657040322,8.815043549205591e-4,3812,"tags=40%, list=29%, signal=29%",3845/7157/861/25987/205717/4851/6659/351/6095/51043/7204/3688/753/22882/5468/9759/4192/171023/3399/7161/650/3627/6595/5594/1050/84695/57142/8626/3685/10401/65980/4773/6496/9682/51441/9423/6272/94241/3398/4086/4204/7291/7832/2624/22902/5727/23461/6498/4856/567/1499/4041/9693/1030/6653/10253/678/79365/605/1495/3552/79577/657/10011/4212/3690/6461/63923/10014/4091/5728/2048/2664/4211/9355/1021/9290/27086/5309/10859/3481/5925/55810/6899/4088/2043/4772/6926/8324/81559/56834/4488/10500/8408/23512/23532/6096/10505/23493/4825/9655/8994/5744/7080/19/8482/3149/5915/55796/147906/2137/3280/7107/5530/3218/3707/80349/57721/8651/659/5997/3192/2309/3202/55558/406/144165/4038/171392/25793/10818/123169/23111/149041/51564/22920/7869/56478/57534/51094/4133/54623/4139/54949/10468/2064/200734/182/2551/10252/6772/3169/652/25805/4763/8621/3196/64783/7046/5087/5802/7099/4771/4602/6662/4054/25871/2932/8365/857/6597/2660/27031/283659/4077/122953/3949/1869/6431/54795,SeAx,Up,GO:0045596,negative regulation of cell differentiation
GO:0045669,positive regulation of osteoblast differentiation,47,0.5928800843323498,2.0454716741143892,1.2327479519104466e-5,0.001512077431013791,0.00124660899347499,3301,"tags=62%, list=25%, signal=46%",4921/55603/650/1050/4208/8626/4086/3082/1499/3570/338557/4041/3572/8321/657/5587/23051/115908/51430/93/4488/860/5530/659/90/2247/182/4745/652,SeAx,Up,GO:0045669,positive regulation of osteoblast differentiation
GO:0048511,rhythmic process,226,0.3630470916259164,1.554459804644041,4.340117325535465e-4,0.012393446140695718,0.01021758615151123,2741,"tags=32%, list=21%, signal=26%",7157/4851/4783/6095/5468/2033/4192/3399/23239/91603/10765/5927/107/8204/142/3398/7008/25942/55366/50865/7291/1545/49855/5971/64839/3397/7071/9475/7301/1454/1385/4704/9510/79365/7337/1655/4669/285382/3131/10499/5562/60675/5728/3363/3066/59338/114781/83759/56938/22992/9975/2776/6092/2620/8914/124626/3184/6096/2673/7080/8553/8792/8879/148523/23064/51514/1387/1813/3192/2309/80045/406,SeAx,Up,GO:0048511,rhythmic process
GO:0048514,blood vessel morphogenesis,444,0.35616512586152455,1.6257639284991348,5.005628947023317e-6,0.0010390530548878786,8.56631318180873e-4,2057,"tags=26%, list=16%, signal=23%",9990/861/639/9289/4851/1890/6659/7057/6095/3688/1647/79879/5468/4192/3592/79805/302/493/25/7716/90268/54453/3627/6678/5315/11005/3162/3685/8817/1232/10052/2263/5335/57608/9314/576/7026/10769/5579/146850/375056/4240/4086/56913/4204/7291/9820/2549/2260/2624/1545/6091/4856/79602/1499/10563/3315/4041/3726/1281/154810/9693/3397/6464/2296/10253/3248/9475/7039/6495/5170/9510/3552/348/3953/657/22905/10016/4669/4643/5970/140862/3690/2004/100127206/1901/6461/144455/154796/63923/10014/60675/5587/79625/2048/4211/5795/388/3198/10298/4035/5747/4853/55662/55810/6899/10855/79924/7049/65125/4814/83478/57343/10370/3087/23328/284361,SeAx,Up,GO:0048514,blood vessel morphogenesis
GO:0048589,developmental growth,471,0.33976073251004857,1.5570927707237736,1.1001036549816373e-5,0.001461479557059683,0.0012048943541131585,3033,"tags=34%, list=23%, signal=27%",7157/84445/861/25987/7093/1822/4851/596/10409/351/55717/5660/23191/3688/4921/375790/10919/57190/2033/4192/7161/90780/9215/25/5324/91603/10765/607/4208/57142/780/80010/1848/79068/2263/80208/2778/7294/9423/2066/4086/25942/4204/2260/22902/5727/10404/49855/4856/1499/1281/129685/1435/2296/25836/10253/23168/6495/3275/1385/26524/26053/127343/23767/348/7337/3953/657/9968/6788/23327/2131/57698/26173/7430/1901/5573/63923/23286/5728/2121/2664/4211/9355/8455/84258/1026/27086/154/5641/23236/4853/1946/3481/9863/59338/93/4088/51393/7049/2620/4814/8324/55841/28982/10370/4488/10500/8408/5454/10505/23493/4825/84879/10018/5738/8482/4137/205428/5915/8879/196528/101929726/5754/3836/5830/53918/9462/5530/54413/2017/5340/25879/3574/84298/1027/1813/659/5997/3207/2261/2309/3202/55558/3975/144165/4038/6909/3676/367/23111/55636/7869/4133/2619/170302/114804/153/51299,SeAx,Up,GO:0048589,developmental growth
GO:0048598,embryonic morphogenesis,425,0.35398474380949413,1.6010368945875877,5.711684441606333e-6,0.0010692228657040322,8.815043549205591e-4,2880,"tags=34%, list=22%, signal=27%",23654/7157/50937/4851/23314/3688/23322/23528/81029/25/4646/5594/26018/4208/8626/3217/3685/6496/2263/5076/9314/51441/54903/9423/3398/4086/7291/3899/2260/2624/5727/6474/1499/54928/5566/145258/4041/7976/2296/25836/10253/9475/23168/3340/6495/26524/8321/221833/388591/5089/7703/90102/79577/23767/7289/657/1739/9968/6788/4669/2535/2131/3690/5573/154796/3219/2048/23275/613/9355/3198/115908/10265/55614/4853/7249/91663/3481/3066/23272/3227/6899/56983/93/4088/9095/65125/1843/25861/57822/6926/8324/28982/3673/7020/3216/10370/4488/10432/23552/220/3212/140469/8323/860/64388/3226/10018/8320/4324/5915/56603/7849/4325/11078/5754/5311/3280/7798/8516/3218/10395/1387/9620/26160/659/51098/3207/3202/4155/121643/3975/9555/3200/7709/144165/4038/10818/123169/6909/90/3676/367,SeAx,Up,GO:0048598,embryonic morphogenesis
GO:0048771,tissue remodeling,121,0.39003891008812275,1.5685993533873304,0.0030821029189864535,0.044122306243421464,0.03637595710890895,2987,"tags=38%, list=23%, signal=30%",7157/861/4193/4921/5468/4192/3988/1471/4208/952/2149/55366/1499/4041/2296/10609/9475/3552/3953/2131/3690/1901/613/9290/115908/154/4853/51430/93/875/56834/8792/7107/5530/54849/5340/3574/659/2316/3200/171392/23418/4286/55636/79705/7076,SeAx,Up,GO:0048771,tissue remodeling
GO:0050890,cognition,208,0.3990814333790108,1.6992798058073542,2.6408120245925144e-5,0.002591356817586509,0.0021364042924311116,2926,"tags=38%, list=22%, signal=30%",3845/2760/6509/351/23385/23191/3688/10919/2033/4192/894/9215/25/5594/107/4125/4208/6310/10550/1827/80208/10769/4204/23208/7832/567/25836/25946/1385/55902/7991/55236/348/7337/23152/4212/27023/6446/590/1268/9993/5728/100132074/2048/84197/8301/3198/5641/23236/22849/55209/55450/114781/9486/10411/90410/84879/28964/55180/5621/4137/8554/85358/3269/54413/8516/57512/10882/1813/2237/874/85461/8867/29767/81832/10636/6326/7436/8061/55636,SeAx,Up,GO:0050890,cognition
GO:0055123,digestive system development,82,0.4671069705622589,1.7718115018137195,1.650878711226382e-4,0.007424827003740654,0.006121284484520979,1825,"tags=29%, list=14%, signal=25%",639/4851/596/8626/2263/1399/9026/3398/56913/55366/5125/6474/1499/1281/56034/25836/3572/2131/1026/9139/3481/5925/93/4088,SeAx,Up,GO:0055123,digestive system development
GO:0048736,appendage development,130,0.44310130441133644,1.7952690387971797,2.5532286149885185e-5,0.002551810154646858,0.0021038006541045746,3072,"tags=44%, list=24%, signal=34%",2583/4851/23322/9215/83999/84133/8626/2263/54903/7291/3899/5125/2260/5727/6474/1499/54928/4041/1281/25836/221833/5089/137392/7700/7289/657/4669/5308/444/2131/4853/3066/3227/51222/6926/28982/7020/4488/8323/860/3226/10018/23288/5915/56603/1387/26160/659/51098/3207/144165/4038/6909/54206/55636/221322/2768,SeAx,Up,GO:0060173,limb development
GO:0060537,muscle tissue development,287,0.3759706046506047,1.6499627794504923,7.534270754191052e-6,0.0011959546841285034,9.859864544261789e-4,3480,"tags=38%, list=27%, signal=28%",3845/861/7093/50937/4851/596/3688/57190/10472/2033/7161/9215/25/650/607/4208/10052/1827/2263/80208/7026/88/2066/3398/4086/7291/7832/2260/5727/6474/1499/1281/6840/2296/6495/1385/1655/657/1739/4669/59269/9242/1901/5573/3131/63923/10211/5562/4211/27086/4853/2817/3481/5925/6899/56983/4088/9975/1525/7049/6926/8324/10370/4488/23493/90410/4638/8320/205428/5915/56603/196528/5311/5530/64208/8516/5997/3192/84300/406/84700/4205/144165/1063/80206/10818/10521/7763/6909/90/10791/9734/55636/1310/2247/4209/10611/2355/844/2138/9318/652/4763/5307/1948/7046/7248/6546/1959,SeAx,Up,GO:0060537,muscle tissue development
GO:0061061,muscle structure development,489,0.3307109152326782,1.5212361154802985,3.871341872934323e-5,0.003020201302072819,0.0024899585352216743,2862,"tags=28%, list=22%, signal=23%",3845/7111/7093/22954/50937/4193/4851/6659/596/10409/6095/3688/57190/10472/9759/2033/221937/3399/81029/81/9215/6830/650/3627/84976/6595/3915/7345/607/824/4811/4208/4773/7138/1827/2263/9124/80208/7026/6272/88/3398/4086/4204/7291/7832/6474/4856/1499/8910/2319/145258/1281/6840/53834/2296/58494/6495/1385/9260/8321/79365/1655/657/10011/4669/2535/59269/9242/1901/87/5573/3131/9325/10014/10211/5562/5587/2121/4211/3756/27086/23236/4853/2817/3481/6938/55662/3856/5925/6899/4756/6601/4088/2115/9975/1525/7049/4814/4772/6926/8324/10370/23493/90410/4638/5738/8320/5915/56603/55796/196528/8554/101929726/84033/3280/5530/64208/8516/5340/85461/659/5997/3192/84300/406/84700/4205/29767/144165/1063/80206/10818/10521/6909/90/10791,SeAx,Up,GO:0061061,muscle structure development
GO:0061564,axon development,362,0.33667801510231576,1.5086054592000107,1.442056863165348e-4,0.006825920203780278,0.005627524980033593,3014,"tags=33%, list=23%, signal=26%",23654/25987/5792/22954/4851/596/351/7204/9315/23191/3688/84628/23022/79805/25/83999/3996/7345/107/57142/780/2263/5076/8633/5364/80208/9314/9423/25942/25894/22902/23162/5727/55701/6474/6091/6498/27242/23271/1272/7976/1951/55740/334/1385/26053/27319/1495/23767/348/26128/116448/27023/2131/57698/56288/1719/1268/63923/10211/5728/349667/2048/2664/9355/8301/10100/5747/4853/1946/9024/59277/57463/4756/284656/2115/2043/51393/6092/333/23334/1945/57465/4781/10500/8408/5454/4685/2297/10505/4825/7080/8482/4137/4548/8609/3800/8941/219699/4135/5754/54413/2017/1813/659/63973/2011/4858/2316/55558/3975/144165/4038/3676/23111/6868/7869/4133/170302/115557,SeAx,Up,GO:0061564,axon development
GO:0070050,neuron cellular homeostasis,43,0.5632778160003518,1.919313146771065,2.685330772965397e-4,0.009472372667774018,0.007809352031183167,2446,"tags=47%, list=19%, signal=38%",351/3074/529/9256/57551/54664/23557/8314/7301/51606/528/1268/5562/51382/3300/537/535/760/5028/84286,SeAx,Up,GO:0070050,neuron cellular homeostasis
GO:0090287,regulation of cellular response to growth factor stimulus,218,0.3782128341062,1.620965459725357,1.4544762338979656e-4,0.006825920203780278,0.005627524980033593,2278,"tags=30%, list=17%, signal=25%",7157/4851/7057/83891/9315/23191/3688/753/5468/2033/3592/9839/493/25/650/56884/11171/8817/8573/57608/9480/4052/5579/25942/2260/135228/6091/6498/1499/25778/10563/1030/6653/10253/26524/8321/5170/22905/51341/10016/4734/3690/4091/23090/4853/2817/3066/54778/4756/4088/7049/55959/10370/3087/4488/27020/51742/4681/387914/2297/79176/860/64388/7080/26036,SeAx,Up,GO:0090287,regulation of cellular response to growth factor stimulus
GO:0090596,sensory organ morphogenesis,175,0.4369934001970683,1.8344488103009138,2.876623615294136e-6,7.762568825871227e-4,6.399730537814901e-4,3311,"tags=45%, list=25%, signal=34%",25987/639/50937/4851/6659/596/23322/22882/9215/4646/5594/26018/6496/2263/5076/9423/7291/2260/2624/1499/145258/4041/7976/6015/25836/10253/6656/6495/148398/4669/5308/2535/4124/55714/2048/4211/613/3198/5309/115908/4853/3066/6899/25861/57822/6926/7020/10370/220/23424/140469/8323/6096/84879/5915/56603/7849/11078/5754/8516/8842/6101/26160/121643/3975/23554/10818/6909/23418/55636/2247/128637/5797/182/120114/2138/652/4763,SeAx,Up,GO:0090596,sensory organ morphogenesis
GO:0098742,cell-cell adhesion via plasma-membrane adhesion molecules,135,0.4530947916067207,1.8472175642546258,8.930204047352915e-6,0.0013770374641018195,0.0011352773686664893,4242,"tags=56%, list=33%, signal=38%",23654/5792/22859/3688/23705/84628/23022/650/10178/9314/1952/6091/5175/1951/53834/57451/64403/6402/9746/23767/79633/2196/57575/55714/253559/222256/91663/1946/57463/1525/65125/6092/27020/54510/3683/81607/84962/5754/23284/56122/9620/4155/56127/5101/90/23418/22920/5099/8404/5797/3556/7048/120114/83872/90952/56109/5802/147409/8832/9069/53827/3675/56126/56106/5291/5310/1016/266727/5819/10686/5817/25945/1825/56129/91179,SeAx,Up,GO:0098742,cell-cell adhesion via plasma-membrane adhesion molecules
GO:0150063,visual system development,249,0.3781359480818779,1.630781158401206,3.2375953029117436e-5,0.0028934045335636508,0.0023854228886171754,3392,"tags=38%, list=26%, signal=28%",7111/25987/639/50937/4851/6659/596/23322/22882/81029/90780/493/9215/10765/6496/5076/261734/9314/11145/7291/1545/49855/6498/1499/56917/4041/6015/2296/25836/10253/6656/5089/148398/7289/1739/4669/5308/4212/5954/4124/55714/2048/4211/9355/5309/4853/3066/93/4088/57822/4781/7020/10370/23552/220/5316/23424/6096/23094/84879/5915/3280/8842/1027/6101/1813/26160/659/121643/3975/23554/144165/388552/10818/6909/23418/4286/2823/55636/147912/221322/130557/2247/128637/200734/5797/182/7048/120114/10252/652/4763/7046/6604,SeAx,Up,GO:0150063,visual system development
GO:1902476,chloride transmembrane transport,53,0.4971255656151362,1.7392940780351456,0.0018200915468764129,0.030696981495287504,0.025307654502126964,960,"tags=21%, list=7%, signal=19%",9990/6509/80727/284129/10723/94015/53405/57719/84561/23155/55129,SeAx,Up,GO:1902476,chloride transmembrane transport
GO:1990845,adaptive thermogenesis,132,0.38190487786061167,1.5501161871004623,0.0018277417424172584,0.03072997565054811,0.025334856026226437,1867,"tags=27%, list=14%, signal=23%",2171/1152/4851/51043/3988/3662/291/23228/2778/55366/7090/79602/94097/338557/10644/56034/3397/6653/79071/170394/5565/9658/8809/3953/7253/23090/9673/10912/57406/154/58488/5925/93/51393/7840,SeAx,Up,GO:1990845,adaptive thermogenesis
GO:2001222,regulation of neuron migration,31,0.6500240876563719,2.0895786380888843,5.1667032537455374e-5,0.003717959661395288,0.0030652146882220893,1356,"tags=39%, list=10%, signal=35%",23654/23380/9289/4192/84628/8633/1281/9693/25836/653464/57698/63923,SeAx,Up,GO:2001222,regulation of neuron migration
GO:0141091,transforming growth factor beta receptor superfamily signaling pathway,244,0.3246570760701508,1.4030089741350338,0.0034445991664652353,0.04791366417889916,0.03950168387587778,3413,"tags=36%, list=26%, signal=27%",56940/7157/4851/7057/83891/5829/9315/753/5468/2033/9839/25/650/51701/56884/11171/9480/4052/4093/142/4086/25942/135228/6498/1281/3397/1030/6653/10253/3248/26524/8321/5170/3547/1655/657/51341/2131/4091/23090/3077/5747/5796/4853/3066/9863/54778/4756/93/4088/7049/10370/4488/408050/51742/4681/2297/79176/860/64388/7080/26036/222223/3280/53918/8516/1387/659/10454/90/10755/23111/6868/2339/9392/1761/5046/10468/200734/5928/7048/10252/375387/652/25805/375616/7046/285704/100507588,SeAx,Up,NA,NA
