ID,Description,setSize,enrichmentScore,NES,pvalue,p.adjust,qvalue,rank,leading_edge,core_enrichment,cell_line,direction,representative_ID,representative_term,minus_log10_padj,plot_order,term_plot
GO:0009152,purine ribonucleotide biosynthetic process,182,0.3893575802010855,1.6334251609064026,2.632106823266165e-4,0.04178082507402204,0.039057857597259216,2270,"tags=29%, list=17%, signal=24%",6389/4833/9061/2182/29922/6392/38/109/1737/2977/11332/55229/6390/100/10606/498/132/6785/50808/8833/4522/3614/2180/5471/2023/10632/4711/4719/51422/54539/2181/4715/23181/5160/51703/7114/4535/32/5198/84532/4712/4882/10476/517/10891/790955/4713/523/4709/79993/4716/113,HH,Up,GO:0009152,purine ribonucleotide biosynthetic process,1.379022987966125,1,purine ribonucleotide biosynthetic process___HH
GO:0042149,cellular response to glucose starvation,42,-0.59793163302574,-2.1009329653320368,1.8728479255815132e-5,0.009795845992972929,0.009157424659766,1513,"tags=31%, list=12%, signal=27%",9463/143686/7532/8140/2309/3428/23411/6513/11133/27244/596/7157/5366,HH,Down,GO:0042149,cellular response to glucose starvation,2.0089580513268044,2,cellular response to glucose starvation___HH
GO:0060396,growth hormone receptor signaling pathway,19,-0.7371528767859942,-2.085127447112692,4.566895640269884e-5,0.0145013361770897,0.013556245535393138,524,"tags=42%, list=4%, signal=40%",6777/5747/6774/3718/5829/5295/7297/6776,HH,Down,GO:0060396,growth hormone receptor signaling pathway,1.8385919793097534,3,growth hormone receptor signaling pathway___HH
GO:0010952,positive regulation of peptidase activity,130,-0.4349710590719434,-1.8536668036727528,8.513107628159184e-6,0.006563605981310731,0.006135838325077738,1105,"tags=22%, list=8%, signal=21%",10134/317/5468/637/2149/581/4137/22900/3428/23411/23787/23151/23385/26999/65992/51065/9026/4155/4088/27113/489/6774/8301/8743/10550/2534/1512/5366/7805,HH,Down,GO:0010952,positive regulation of peptidase activity,2.1828574978929627,4,positive regulation of peptidase activity___HH
GO:0042098,T cell proliferation,171,-0.41826581761105697,-1.8404880992007888,3.6706727184777026e-6,0.005144840863932962,0.004809537903285585,1716,"tags=29%, list=13%, signal=25%",8772/5588/3105/3600/9047/7048/3280/9231/6504/3572/259307/941/84433/6654/6385/3485/3594/637/581/6655/8379/3559/1499/7292/868/64926/648/25/3115/7784/3659/604/6777/23385/970/3988/3071/5074/6693/1604/4478/5573/942/2534/896/5621/57045/7297/7157,HH,Down,GO:0042098,T cell proliferation,2.2886280539403496,5,T cell proliferation___HH
GO:0050777,negative regulation of immune response,139,-0.42074275649334486,-1.810202175279029,1.547098579323482e-5,0.009277434480676479,0.008672799404324501,1654,"tags=27%, list=13%, signal=23%",6223/54625/3105/3575/55061/7040/6504/259307/941/9474/79132/103/401397/5468/613/11274/197358/4092/7292/5045/3428/140775/57506/604/2241/7301/25939/3071/55829/6693/1604/2876/64092/3718/2534/966/56940,HH,Down,GO:0050777,negative regulation of immune response,2.0325721040534064,6,negative regulation of immune response___HH
GO:0002675,positive regulation of acute inflammatory response,18,0.7631645933806691,2.0536967556568246,6.409764512647399e-5,0.007324883212839486,0.0062788999191421245,1687,"tags=61%, list=13%, signal=53%",5008/241/5733/84699/5743/3569/7784/101/8792/1268/7124,MyLa,Up,GO:0002675,"positive regulation of acute inflammatory
response",2.1351992952637784,1,"positive regulation of acute inflammatory
response___MyLa"
GO:0046631,alpha-beta T cell activation,152,0.5243592470329641,2.031588429010057,1.3433724915268847e-8,4.5369405489652345e-5,3.889071650469014e-5,2107,"tags=36%, list=16%, signal=30%",7297/57045/9021/942/1604/941/10538/1880/3718/30968/3600/64332/6522/54440/29126/604/7535/7292/3559/1386/639/64926/4092/917/6693/10892/8809/915/3569/8651/3566/4297/9308/84433/10148/8764/5914/6774/975/919/868/6778/6775/2841/64410/3726/3662/149233/80149/3707/80762/5734/135/64919,MyLa,Up,GO:0042110,T cell activation,4.343236911592592,2,T cell activation___MyLa
GO:0007340,acrosome reaction,17,0.7603820384265944,2.005734313982008,1.0817076968244995e-4,0.010065476620279007,0.008628140340369649,1107,"tags=35%, list=9%, signal=32%",2054/8372/2683/109/11057/7784,MyLa,Up,GO:0007340,acrosome reaction,1.9971656555834458,3,acrosome reaction___MyLa
GO:0014819,regulation of skeletal muscle contraction,12,0.8253693481708468,2.0027712450625046,7.523598420398934e-5,0.007661294466960952,0.00656727210678318,927,"tags=33%, list=7%, signal=31%",1756/3164/89/9446,MyLa,Up,GO:0014819,regulation of skeletal muscle contraction,2.11569784494155,4,regulation of skeletal muscle contraction___MyLa
GO:0010765,positive regulation of sodium ion transport,19,0.721083627090624,1.949891571976532,2.212895948260632e-4,0.014928749290953289,0.01279694433237563,573,"tags=37%, list=4%, signal=35%",1756/54997/11261/6548/10768/288/482,MyLa,Up,GO:0010765,"positive regulation of sodium ion
transport",1.8259765753151669,5,"positive regulation of sodium ion
transport___MyLa"
GO:0045663,positive regulation of myoblast differentiation,34,-0.5403945114695938,-1.9119001023306723,8.114242120373082e-4,0.031106054035744915,0.026664152109280772,1112,"tags=35%, list=9%, signal=32%",55193/6605/29117/8110/6597/86/6599/8740/8289/6659/4208/6595,MyLa,Down,GO:0045661,regulation of myoblast differentiation,1.5071550779042733,6,regulation of myoblast differentiation___MyLa
GO:0051983,regulation of chromosome segregation,122,-0.3593166606050803,-1.5885300521724735,2.515351713662131e-4,0.015361605411896323,0.013167989191906681,2326,"tags=30%, list=18%, signal=24%",196528/3192/10783/9587/605/23397/23310/56155/55193/6605/51434/9918/1843/51759/8193/29882/29117/51451/23369/9183/8110/9275/6597/86/10051/11130/1457/9319/6599/23137/55920/79677/5359/8289/348654/6595,MyLa,Down,GO:0051983,regulation of chromosome segregation,1.8135633946499596,7,regulation of chromosome segregation___MyLa
GO:0034502,protein localization to chromosome,109,-0.3643007144189579,-1.5744702427278314,8.642739920042761e-4,0.031106054035744915,0.026664152109280772,3136,"tags=40%, list=24%, signal=31%",7203/7518/546/8365/27336/10694/3009/157570/23272/4796/1736/55506/29072/7014/84250/55166/25836/253714/8019/25900/27085/3720/7520/545/80124/7015/4436/9656/675/51535/25913/9183/91272/142/10576/10664/6118/84515/222229/254394/7013/23137/55920/51176,MyLa,Down,GO:0034502,protein localization to chromosome,1.5071550779042733,8,protein localization to chromosome___MyLa
GO:0006302,double-strand break repair,289,-0.3060554188736752,-1.5313828013665145,1.9910568688961744e-5,0.0029042524111980144,0.002489529143328218,2586,"tags=30%, list=20%, signal=25%",157570/11200/4796/151636/84142/4172/10635/196528/29072/284071/1111/8317/605/1108/25939/84250/6944/55086/25836/253714/5591/5423/113510/51567/7486/79913/54969/55193/6605/25900/3146/7520/24144/545/55257/1663/64769/4436/672/54556/4173/8193/675/58493/29117/57223/9401/25913/8914/79184/9937/8110/9275/3297/6597/86/27339/6119/23028/23126/7913/8089/5892/142/9907/1653/55345/7155/1457/6118/83990/84515/85456/9319/6599/25/254394/149840/54799/4176/3980/23137/6419/80010/79677/8289/348654/6595,MyLa,Down,GO:0006302,double-strand break repair,2.5369656414062725,9,double-strand break repair___MyLa
GO:0006354,DNA-templated transcription elongation,130,-0.3392313338735209,-1.518866939405608,5.608326925781873e-4,0.02501499208135931,0.021442885462210817,2429,"tags=28%, list=19%, signal=23%",10771/7469/23160/29072/85403/3192/6917/2068/5438/22916/92105/55756/8861/55193/9150/284695/9733/10025/25920/81857/6830/51574/7936/25896/5434/4686/170394/57805/142/51497/57117/3150/221830/9439/55656/2962,MyLa,Down,GO:0006354,DNA-templated transcription elongation,1.601799630258985,10,DNA-templated transcription elongation___MyLa
GO:0061098,positive regulation of protein tyrosine kinase activity,16,0.7487599451673888,2.0161872569529136,1.584994647749294e-4,0.047523422855016324,0.04477841604255462,1033,"tags=38%, list=8%, signal=35%",4739/1741/1742/285489/57091/5621,HuT 78,Up,GO:0061098,"positive regulation of protein tyrosine
kinase activity",1.3230922870186261,1,"positive regulation of protein tyrosine
kinase activity___HuT 78"
GO:0050851,antigen receptor-mediated signaling pathway,165,0.4439048238398893,1.8370717189745125,5.519671963360675e-6,0.014894834793128782,0.014034492239471275,1730,"tags=33%, list=13%, signal=29%",2534/2633/916/1445/1997/7535/53347/3932/84174/9840/3071/640/1540/27086/915/7070/4208/5074/163486/54900/917/9214/10616/100/23607/7006/26228/5144/5142/919/50852/3635/10603/5583/974/3937/9404/4068/5771/5579/3702/973/5621/2885/634/26191/2625/84433/57181/23308/89857/5788/123920/8892/59338,HuT 78,Up,GO:0050851,"antigen receptor-mediated signaling
pathway",1.8269643094231196,2,"antigen receptor-mediated signaling
pathway___HuT 78"
GO:0090130,tissue migration,236,0.4087363063976157,1.7446405896568409,3.951183746690007e-6,0.014894834793128782,0.014034492239471275,2920,"tags=35%, list=22%, signal=28%",2113/11156/23189/9922/72/3964/3728/10519/1512/3397/23499/5829/59/27086/55612/6722/10982/4208/51466/6776/5294/23129/6239/4163/55333/23603/116150/6286/14/5747/5578/11151/7048/7046/7857/9404/57669/634/1969/3146/57608/54566/2625/22846/25960/8660/4763/161742/11235/54443/153090/3675/2185/5613/5216/2876/9734/10755/25865/1839/4846/889/5335/8766/7114/64218/2624/25/29941/116844/54345/1201/29775/7124/3673/6615/2050/9270/28984/7422/2896/5336/54567,HuT 78,Up,GO:0090130,tissue migration,1.8269643094231196,3,tissue migration___HuT 78
GO:0031589,cell-substrate adhesion,260,0.3771743053859725,1.6245781083982755,6.306847916613503e-5,0.029376588527506138,0.027679763450724506,2156,"tags=27%, list=17%, signal=23%",7205/7791/9806/4739/10225/2633/916/23189/3897/4088/3728/10519/23499/5786/87/5829/10018/55612/3695/6722/7070/708/6239/6480/3676/23603/5318/55920/5747/2041/11151/3683/7402/3204/9404/285613/71/57091/9341/5590/6251/57662/57669/3655/10516/9480/3696/84962/83700/4763/3682/7074/81848/54749/5328/9344/1020/3675/2185/10109/960/5613/613/51144/7414/4289/5054/8751/3689/8874/3681,HuT 78,Up,GO:0031589,cell-substrate adhesion,1.531998639781409,4,cell-substrate adhesion___HuT 78
GO:0001667,ameboidal-type cell migration,316,0.35850591933730935,1.5776707546987896,6.357093977220483e-5,0.029376588527506138,0.027679763450724506,2944,"tags=33%, list=23%, signal=26%",2113/9368/11156/23189/9922/8482/3964/3728/10519/1512/3397/23499/5829/59/27086/55612/3695/6722/10982/4208/51466/708/6776/5294/397/23129/6239/4163/3676/55333/23603/116150/55920/6286/14/5747/5578/11151/7048/7046/4041/7857/91/9404/57124/201161/6405/57669/634/1969/3146/57608/54566/84159/2625/22846/25960/8660/4763/161742/11235/54443/64750/153090/3675/2185/5613/5371/5216/2876/9734/7481/10755/25865/1839/8874/4846/889/5335/8766/7114/64218/58495/3357/2624/25/29941/116844/54345/10672/1201/29775/7124/3673/6615/2050/9270/28984/7422/2896/5336/54567/55698,HuT 78,Up,GO:0001667,ameboidal-type cell migration,1.531998639781409,5,ameboidal-type cell migration___HuT 78
GO:0002396,MHC protein complex assembly,18,-0.7268330549792403,-2.1125068799726505,5.0791077856726344e-5,0.029376588527506138,0.027679763450724506,1879,"tags=67%, list=14%, signal=57%",3115/3117/3119/3127/3109/3123/3113/55080/3105/6892/3111/567,HuT 78,Down,GO:0002501,"peptide antigen assembly with MHC protein
complex",1.531998639781409,6,"peptide antigen assembly with MHC protein
complex___HuT 78"
GO:0032823,regulation of natural killer cell differentiation,10,-0.8340204896357944,-2.106162361085046,8.986352053112603e-5,0.03233289468709915,0.0304653100130435,820,"tags=50%, list=6%, signal=47%",3600/22890/3601/10125/639,HuT 78,Down,GO:0032823,"regulation of natural killer cell
differentiation",1.4903554122966516,7,"regulation of natural killer cell
differentiation___HuT 78"
GO:0033687,osteoblast proliferation,25,0.7345905689160565,2.2175768326100544,1.1602825292915769e-6,3.6835557709333184e-4,3.036850929607118e-4,1825,"tags=60%, list=14%, signal=52%",596/25/650/3685/2263/5364/4041/3726/5610/3690/63923/115908/63979/10855/4088,SeAx,Up,GO:0033687,osteoblast proliferation,3.4337327503169752,1,osteoblast proliferation___SeAx
GO:2001222,regulation of neuron migration,31,0.6500240876563719,2.0895786380888843,5.1667032537455374e-5,0.003717959661395288,0.0030652146882220893,1356,"tags=39%, list=10%, signal=35%",23654/23380/9289/4192/84628/8633/1281/9693/25836/653464/57698/63923,SeAx,Up,GO:2001222,regulation of neuron migration,2.4296953264867858,2,regulation of neuron migration___SeAx
GO:0045669,positive regulation of osteoblast differentiation,47,0.5928800843323498,2.0454716741143892,1.2327479519104466e-5,0.001512077431013791,0.00124660899347499,3301,"tags=62%, list=25%, signal=46%",4921/55603/650/1050/4208/8626/4086/3082/1499/3570/338557/4041/3572/8321/657/5587/23051/115908/51430/93/4488/860/5530/659/90/2247/182/4745/652,SeAx,Up,GO:0045669,"positive regulation of osteoblast
differentiation",2.820425968754793,3,"positive regulation of osteoblast
differentiation___SeAx"
GO:0008589,regulation of smoothened signaling pathway,67,0.5492510288885923,2.021979828519173,1.0223481323724094e-5,0.001461479557059683,0.0012048943541131585,2191,"tags=39%, list=17%, signal=32%",22856/55717/6095/23322/2263/54903/2622/5727/6474/25989/5566/64839/84662/92344/3340/137392/1495/7289/2121/9231/283219/5925/23432/80178/23552/860,SeAx,Up,GO:0008589,regulation of smoothened signaling pathway,2.8352072551052223,4,regulation of smoothened signaling pathway___SeAx
GO:0001822,kidney development,214,0.4704322966177054,2.010886963094139,5.623136423010119e-10,7.587016818746403e-7,6.254999384227308e-7,3446,"tags=47%, list=26%, signal=35%",84445/639/4851/6659/596/10409/23322/171023/3399/7161/90780/650/4811/4208/3217/2263/5076/2066/4086/56913/55366/5125/2260/5727/1499/3570/5175/5455/84662/2296/25836/5420/3248/7917/7466/6495/51107/403/9510/163/1739/4643/2131/8692/3690/4091/203286/139285/4853/9231/9863/3227/93/4088/2043/6092/55959/7020/100133941/2674/2297/25959/90410/10018/5915/9955/170690/56603/8879/7849/5754/5311/3280/5530/8516/8842/1644/3207/284/3975/282679/231/5154/1063/4038/221322/1512/847/2247/182/2138/10252/23129/6772/652/4763/1948/11020/7046/7248/5087,SeAx,Up,GO:0001822,kidney development,6.119928953199587,5,kidney development___SeAx
GO:0072655,establishment of protein localization to mitochondrion,112,-0.48526793125681233,-2.1428684321044162,6.89150419637229e-8,3.099454012318437e-5,2.5552972138654097e-5,2579,"tags=44%, list=20%, signal=35%",23203/581/3301/92609/3320/26515/80273/64112/23788/10651/1459/26520/55750/134266/57602/26521/131474/706/10245/118424/5880/29928/10452/4285/3308/26519/9512/158234/5898/51100/55823/9927/10055/29103/3329/26517/617/10469/9049/207/10075/3998/3099/56947/9131/100287932/7323/3098/93974,SeAx,Down,GO:0072655,"establishment of protein localization to
mitochondrion",4.508714803043495,6,"establishment of protein localization to
mitochondrion___SeAx"
GO:0042254,ribosome biogenesis,308,-0.426536064637362,-2.1190412662124953,1e-10,2.6985e-7,2.224736842105263e-7,2944,"tags=40%, list=23%, signal=32%",54505/10885/10360/64794/6217/6194/10171/51121/6130/1736/54680/57647/55651/91893/317781/84864/51406/51010/29063/79707/51550/23160/56342/55759/134430/27292/55794/85865/6059/2971/51106/8450/55035/9136/79039/50628/10557/9669/4809/9221/55695/6839/7514/54552/10813/57602/83732/6207/25983/26155/51001/54700/51068/27340/10514/6169/29081/51116/84128/1662/64745/23378/10248/81887/54433/79066/84365/23016/51077/90121/64282/2091/51491/11137/5036/55027/23195/6210/9790/64434/6154/8886/55226/22894/9775/6135/29777/7520/54555/4927/118460/51042/9188/6208/1983/5822/6209/84881/84946/84916/83939/27043/55052/55720/57109/51119/5394/51154/55178/11340/6230/51388/57418/5901/1964/28987/10200/84549/92856/51081/8451/90459/708/26156,SeAx,Down,GO:0022613,ribonucleoprotein complex biogenesis,6.568877577598768,7,ribonucleoprotein complex biogenesis___SeAx
GO:0006399,tRNA metabolic process,192,-0.44421987763091075,-2.08259151145497,2.133364346088674e-10,3.837922458613524e-7,3.1641161722515174e-7,2581,"tags=41%, list=20%, signal=33%",127253/348180/221078/51010/1787/57038/54859/55623/1653/25821/10667/84705/54802/54974/54920/92935/81627/54517/84520/661/10557/2975/10352/55278/93587/79731/123263/80324/81605/60487/92675/6741/3735/9330/55798/55718/3376/4677/9692/91801/79693/8846/115708/84186/10248/2617/23016/2972/55250/158234/134637/55140/55644/5188/57570/55226/3028/7453/57470/23405/51637/23395/84881/24140/207/5394/79587/283989/124454/112487/11340/60528/25940/23587/79828/5434/1615/10056,SeAx,Down,GO:0006399,tRNA metabolic process,6.415903803997748,8,tRNA metabolic process___SeAx
GO:0006270,DNA replication initiation,36,-0.5880132721486697,-2.0790366341634257,5.085811176486564e-5,0.00370920579993216,0.0030579977017082083,2858,"tags=64%, list=22%, signal=50%",990/8318/4172/11073/4176/4171/23595/64318/4998/5557/4999/81620/222229/4683/1017/55388/5422/5000/4175/23594/5001/25792/997,SeAx,Down,GO:0006270,DNA replication initiation,2.430719069800166,9,DNA replication initiation___SeAx
GO:0043648,dicarboxylic acid metabolic process,69,-0.484935197392192,-1.9715009894344964,4.89402284738438e-5,0.0036182248366210274,0.002982989845118064,2099,"tags=38%, list=16%, signal=32%",8801/8659/79944/56267/5625/80017/4200/2744/4191/5106/2356/57001/197322/3417/6470/1743/4942/25902/4522/8803/9380/3418/60496/2746/471/2806,SeAx,Down,GO:0043648,dicarboxylic acid metabolic process,2.4415044495630105,10,dicarboxylic acid metabolic process___SeAx
