ID,Description,GeneRatio,BgRatio,RichFactor,FoldEnrichment,zScore,pvalue,p.adjust,qvalue,geneID,Count,module,term,representative_ID,representative_term,score,size
GO:0001501,skeletal system development,68/1068,363/12061,0.18732782369146006,2.1155064433920407,6.72621512805675,1.6983348211419229e-9,3.53105961508725e-7,2.697126695360399e-7,HEXB/ANKRD11/TP53/NFATC2/COL9A2/MKS1/SMAD3/ACVR2B/CHSY1/TGFBR1/HOXB7/RUNX1/PCGF2/HOXA1/COL3A1/FOXP1/SOX5/LARGE1/HOXA6/HOXA5/PLEKHA1/HOXC10/LOC102724560/FGFR3/HOXA3/BMP4/CBS/TRIM45/NDST1/LILRB1/RYR1/SIX1/PLXNB1/TBX1/MMP14/LHX1/BMP2/TNN/HOXC11/TSKU/TULP3/TWIST1/SHOX2/IFT172/FGFR2/PCSK5/CCN3/GSC/PDGFC/DMRT2/PITX2/PAX1/TBX3/SMAD1/SULF2/CYP26B1/RARB/BCAN/LRRK1/EYA1/PITX1/PAPSS2/SOX9/BBS1/ANXA2/NAB1/SRD5A1/LAMA5,68,Module 1,skeletal system development,GO:0001501,skeletal system development,6.452094950155715,531
GO:0001659,temperature homeostasis,28/1068,141/12061,0.19858156028368795,2.242595691555768,4.625966020032136,3.665015124470444e-5,0.0011606690281601101,8.86552978871554e-4,ACVR2B/TRPV2/TNFRSF11A/ACOT11/IL18R1/PCTP/IL1A/CNR1/NOVA2/HOXC10/ADRB2/ELOVL3/ELOVL6/LGR4/EGR1/ZNF516/FABP5/NOTCH1/SQSTM1/SFXN5/PDGFC/FFAR4/IGF2BP2/ZNF423/NOVA1/TLR4/SYK/OXT,28,Module 1,temperature homeostasis,GO:0001659,temperature homeostasis,2.9352916043233055,183
GO:0071706,tumor necrosis factor superfamily cytokine production,21/1068,120/12061,0.175,1.9762874531835204,3.3500334856650746,0.0018445931494304973,0.020231294588478527,0.015453255018164717,CD86/HSPB1/FOXP1/IL1A/GPNMB/THBS1/LILRB1/APP/BCL3/MAPKAPK2/EPHB2/PYCARD/SELENOS/TWIST1/GAS6/ANGPT1/AKAP12/TLR4/SYK/CX3CR1/C1QTNF4,21,Module 1,tumor necrosis factor superfamily cytokine production,GO:0001819,positive regulation of cytokine production,1.6939763260950524,194
GO:0002683,negative regulation of immune system process,53/1068,366/12061,0.1448087431693989,1.635335441354045,3.8471992415468588,2.2855311651027194e-4,0.004460981689104174,0.0034074283962208037,LAPTM5/CD86/CD59/SH2D1A/DUSP22/ID2/PPARG/RUNX1/PAWR/TYRO3/BCR/COL3A1/GCSAM/DHX58/DLG5/CNR1/GPR137B/TLR6/BMP4/GPNMB/USP18/CEBPA/THBS1/ZPBP2/PLCB1/LILRB1/PRNP/IL4I1/GATA2/LGR4/HMOX1/IL31RA/TNFRSF21/BANK1/HLA-A/TRIM32/SQSTM1/SELENOS/PLA2G2F/SAMHD1/TWIST1/DTX4/SPINK5/PLK2/CCN3/ANGPT1/TLR4/SYK/SOX9/TRIM31/FOXF1/CX3CR1/IL20RB,53,Module 1,negative regulation of immune system process,GO:0002250,adaptive immune response,2.956519813294165,526
GO:0009611,response to wounding,59/1068,382/12061,0.1544502617801047,1.744217797125321,4.60712578850242,1.5479759050552558e-5,6.067558014732977e-4,4.6345784215200505e-4,CD59/HSPB1/SMAD3/CTNNA1/TGFBR1/BCL2/PPARG/RAB27A/TFPI/PTK2/CDKN1A/EPB41L4B/TYRO3/COL3A1/F2R/F11R/IL1A/FLRT3/RTN4RL2/GRIN2C/PROS1/TXK/THBS1/TMEFF2/NTRK1/SYT7/DDR1/PTPRF/EPHB2/GATA2/PLAT/HMOX1/PHLDB2/TSKU/ELK3/IL6ST/KLF4/GIPR/GAS6/NDNF/FBLN1/SULF2/HPSE/MYLK/EPHA4/FOSL1/ADRA2C/PLPP3/PAPSS2/TLR4/SYK/SLC1A1/CSPG5/FOXF1/CX3CR1/FCER1G/ITGB5/SLC6A4/ANXA2,59,Module 1,response to wounding,GO:0002526,acute inflammatory response,3.216986062485447,567
GO:0003341,cilium movement,19/1068,115/12061,0.16521739130434782,1.8658117570428268,2.9077851221721396,0.005700533258251667,0.043452394173154364,0.03319021061014895,GAS8/ATP1A4/JHY/CFAP47/DYNC2H1/NEK10/TCTE1/TTLL3/DZIP1/DNAAF4/CFAP70/DNAH14/LDHC/CATSPER2/DNAI1/SPEF1/BBS1/DNAI2/CFAP53,19,Module 1,cilium movement,GO:0003341,cilium movement,1.361986289467468,209
GO:0006790,sulfur compound metabolic process,39/1068,237/12061,0.16455696202531644,1.8583534821978853,4.159674061747637,1.087716925367144e-4,0.0026270011803564055,0.0020065803992684685,HEXB/ABCD1/CHST14/SLC27A2/CHSY1/GLCE/OPLAH/ACSS2/IDUA/DGAT2/ACOT11/MGST2/PDK2/TPST1/GGT1/HACD1/FAR2/LOC102724560/CBS/ACSM3/ELOVL3/NDST1/ELOVL6/GGT7/HS3ST3A1/TPK1/GUSB/SUOX/FITM2/ACOT4/CHST3/HPSE/HS3ST5/ANGPT1/PAPSS2/SNCA/HS3ST1/SLC1A1/CHAC1,39,Module 1,sulfur compound metabolic process,GO:0006790,sulfur compound metabolic process,2.580539732077973,326
GO:0007156,homophilic cell adhesion via plasma membrane adhesion molecules,30/1068,72/12061,0.4166666666666667,4.705446317103621,9.829161257170774,7.566189564196517e-14,2.379691416116001e-10,1.8176779620776433e-10,PLXNB2/ROBO1/DSG4/CDHR3/NECTIN4/NECTIN2/PCDHB9/PCDHB10/CLSTN3/PALLD/PCDHGA6/PECAM1/PCDHGA10/FAT4/PCDH10/CADM2/CELSR1/AMIGO1/ROBO2/PCDH18/PCDHB14/PCDH7/FAT3/HMCN1/DSC3/PCDHB7/PCDHB11/RET/PCDHGA1/CELSR3,30,Module 1,homophilic cell adhesion via plasma membrane adhesion molecules,GO:0007156,homophilic cell adhesion via plasma membrane adhesion molecules,9.623479355954773,168
GO:0007169,transmembrane receptor protein tyrosine kinase signaling pathway,69/1068,442/12061,0.15610859728506787,1.7629454979917636,5.093560157433413,2.0107987678661905e-6,1.1052459434409336e-4,8.442192044156906e-5,HSPB1/CPNE3/CSF1/DSTYK/EPHA10/RHOQ/PTK2/ZFYVE28/NRTN/TYRO3/ROBO1/PTPRG/FLRT3/MTCL2/TXNIP/PDK2/LRP1/PTPRE/NEDD4/DOCK3/PLEKHA1/FGFR3/TBX2/RHBDF1/HHEX/ADRB2/SORBS1/CYFIP1/SOCS2/IRS2/NRG4/THBS1/NDST1/NTRK1/PLCB1/DDR1/PXN/MAPKAPK2/PRKCB/EPHB2/SPRY2/ERBB4/PLAT/IL31RA/SPRY1/BMP2/SAMD12/C2CD5/ABL2/SOS2/FGFR2/PDGFC/PRKD1/IGF2/SULF2/GFRA1/EPHA4/ANGPT1/ANKS1B/DNAI1/SNCA/BLNK/SYK/SOX9/COL4A3/MSTN/CRIM1/RET/GKAP1,69,Module 1,transmembrane receptor protein tyrosine kinase signaling pathway,GO:0007169,transmembrane receptor protein tyrosine kinase signaling pathway,3.9565410704003297,641
GO:0007188,adenylate cyclase-modulating G protein-coupled receptor signaling pathway,26/1068,120/12061,0.21666666666666667,2.4468320848938827,4.964660681363897,1.4056528548121207e-5,5.601526626426301e-4,4.278610005436894e-4,ADGRL2/ADGRL1/CXCL10/GNAZ/GPR157/CNR1/GNAL/ADRB2/CHRM2/CCR3/HRH4/LGR4/ADGRG1/LPAR2/ADCY1/CXCL11/OPRD1/GIPR/GPR37/ADGRL3/ADRA2C/ABCA1/AKAP12/CXCL9/LPAR3/ADCY5,26,Module 1,adenylate cyclase-modulating G protein-coupled receptor signaling pathway,GO:0007186,G protein-coupled receptor signaling pathway,3.25169359530135,249
GO:0007389,pattern specification process,70/1068,313/12061,0.22364217252396165,2.525606968924627,8.523815289211848,1.8230999106002945e-13,2.379691416116001e-10,1.8176779620776433e-10,TP53/BASP1/MKS1/SMAD3/ACVR2B/CHSY1/TGFBR1/HOXB7/GAS8/RNF207/PCGF2/ROBO1/SMARCD3/BTG2/HOXA6/HOXA5/SMAD6/HOXC10/HES1/DYNC2H1/HOXA3/BMP4/TBX2/MEIS3/TLL2/HHEX/EGR2/CLUAP1/SIX1/ERBB4/TBX1/NR2F2/LHX1/SPRY1/BMP2/HOXC11/DNAAF4/NKX2-1/NOTCH1/ADGRG1/TULP3/DISP1/LFNG/MID1/IFT172/SIX3/FGFR2/PAX2/PCSK5/GSC/DMRT2/SOX1/PITX2/TBX3/SMAD1/ROBO2/CYP26B1/HEY2/PCSK6/LRP4/EYA1/FOXA1/DNAI1/DZIP1L/HES4/FOXF1/VANGL2/DNAI2/CFAP53/LAMA5,70,Module 1,pattern specification process,GO:0007389,pattern specification process,9.623479355954773,474
GO:0007416,synapse assembly,34/1068,124/12061,0.27419354838709675,3.0964872538359307,7.314028330939234,1.3247647411156651e-9,3.1675124960075553e-7,2.419438764037557e-7,PLXNB2/ADD2/FLRT3/IL1RAP/DLG5/LARGE1/NTRK1/PCDHB9/PCDHB10/CLSTN3/APP/SIX1/EPHB2/PLXNB1/FZD1/ERBB4/NTN1/SRGAP2/FARP1/CBLN2/PTPN13/NLGN3/AMIGO1/ROBO2/PCDHB14/ADGRL3/LRP4/GABRB2/SNCA/CBLN1/NRXN1/PCDHB11/NLGN2/SRGAP2C,34,Module 1,synapse assembly,GO:0007416,synapse assembly,6.4992816631259975,208
GO:0007548,sex differentiation,28/1068,176/12061,0.1590909090909091,1.796624957439564,3.318270723980614,0.001641547744569856,0.019065973623345795,0.014563148753661739,MAMLD1/BASP1/CTNNA1/TGFBR1/BCL2/BCL2L2/AGO4/TYRO3/IL1A/PLEKHA1/SYCP2/NTRK1/LGR4/NR2F2/MMP14/LHX1/NKX2-1/NOTCH1/ADGRG1/LFNG/DMRT2/ADAMTS1/TBX3/ROBO2/GFRA1/DMRT1/SOX9/SRD5A1,28,Module 1,sex differentiation,GO:0007548,sex differentiation,1.7197410121343448,288
GO:0007610,behavior,69/1068,408/12061,0.16911764705882354,1.9098576228244108,5.827547371660598,9.49296508932386e-8,1.1072038794426025e-5,8.457147332465673e-6,HEXB/TP53/ATXN1/ID2/BCL2/ACSS2/HOXA1/BTG2/CAMK2N1/ZNF385A/LARGE1/GPR157/HRH1/MAPT/CNR1/TMOD2/FOXO6/TTBK1/THBS1/EGR2/C1QL1/NTRK1/CACNB4/PLCB1/PRNP/APP/ASL/EPHB2/TANC1/TBX1/FOS/PITX3/CIART/EGR1/DNAAF4/NKX2-1/GM2A/ABL2/NCSTN/WFS1/UCHL1/CPEB3/ADCY1/PLK2/OPRD1/CNTN1/DMBX1/C3orf70/NLGN3/RAPGEF3/SGIP1/ALDH1A3/GPR37/EPHA4/FOSL1/ITGA8/NETO1/SNCA/HTR2C/SLC1A1/BBS1/CX3CR1/MTNR1B/MCOLN3/ADCY5/NRXN1/NLGN2/SLC6A4/MAN2B1,69,Module 1,behavior,GO:0007610,behavior,4.955772401195154,656
GO:0008038,neuron recognition,12/1068,30/12061,0.4,4.5172284644194765,6.0118966963616725,4.188057790685295e-6,2.1081360373744295e-4,1.610256014811964e-4,ROBO1/CNR1/NCAM2/OPCML/APP/PALLD/EPHB2/TNFRSF21/TNN/AMIGO1/ROBO2/EPHA4,12,Module 1,neuron recognition,GO:0008038,neuron recognition,3.6761013676649985,45
GO:0009617,response to bacterium,58/1068,408/12061,0.14215686274509803,1.6053875670118234,3.8774470164070873,1.94611069231714e-4,0.003977051850709642,0.0030377886200362017,CD86/NQO1/TNFRSF11A/BCR/FOXP1/MGST2/DHX58/F2R/IL1A/PLAAT3/CXCL10/CNR1/SMAD6/SASH1/TLR6/USP18/CYP2E1/TICAM2/CXCL8/MACROD2/CD24/LILRB1/BCL3/MAPKAPK2/EPHB2/PYCARD/FOS/TNIP3/BMP2/HPGD/BANK1/NOTCH1/HLA-A/SELENOS/TENT5A/OPTN/MR1/SPINK5/GBP2/FGFR2/CXCL11/CCR5/CXCL13/PRKD1/CHIT1/HMCN1/ABCA1/AKAP12/TLR4/SNCA/SYK/GPR15LG/CXCL9/CX3CR1/FCER1G/LGALS4/LYST/MAPKBP1,58,Module 1,response to bacterium,GO:0009617,response to bacterium,3.1106964457492476,738
GO:0009791,post-embryonic development,14/1068,74/12061,0.1891891891891892,2.136526976414617,3.056620503507478,0.004945479783720135,0.040426127052563564,0.030878659198396528,ACVR2B/PRDM1/TGFBR1/BCL2/KDM5B/LARGE1/PLEKHA1/BMP4/ASL/LHX1/KLF4/FGFR2/CRB1/TAL2,14,Module 1,post-embryonic development,GO:0009791,post-embryonic development,1.393337863421907,87
GO:0010975,regulation of neuron projection development,55/1068,336/12061,0.1636904761904762,1.8485681960049938,4.917010433373927,5.3540278004108745e-6,2.6068563404227005e-4,1.991193180846325e-4,PLXNB2/NCS1/MDM2/TRPV2/SEMA4F/ROBO1/PTPRG/RTN4RL2/TANC2/ITM2C/NEDD4/CAMSAP2/MAPT/CNR1/NOVA2/ENC1/PRAG1/HES1/KNDC1/BRSK2/CYFIP1/NTRK1/DDR1/PTPRF/EPHB2/CD38/MINAR1/PLXNB1/FZD1/NTN1/ZNF365/STMN2/TNN/TSKU/ABL2/CUL7/SHOX2/KLF4/SEMA6C/CNTN1/HECW2/MAGI2/PRKD1/NDNF/AMIGO1/ROBO2/EPHA4/SEMA3B/LRP4/MAP2/FAT3/TLX2/FEZ1/LPAR3/RET,55,Module 1,regulation of neuron projection development,GO:0010975,regulation of neuron projection development,3.583882901428826,460
GO:0015908,fatty acid transport,14/1068,64/12061,0.21875,2.4703593164794007,3.676023689841867,0.001190016243751416,0.014897009627275581,0.011378772019337046,ABCD1/SLC27A2/PPARG/TNFRSF11A/FABP6/IL1A/SLCO3A1/SLC27A3/IRS2/THBS1/FABP5/PLA2G2F/SLC2A1/SYK,14,Module 1,fatty acid transport,GO:0015908,fatty acid transport,1.8269009015684492,115
GO:1901568,fatty acid derivative metabolic process,12/1068,50/12061,0.24,2.710337078651685,3.777272318013081,0.00111641822603668,0.014312900688759794,0.010932612514032113,ABCD1/SLC27A2/DGAT2/ALDH3A2/GGT1/HACD1/FAR2/ELOVL3/ELOVL6/GGT7/HPGD/FITM2,12,Module 1,fatty acid derivative metabolic process,GO:0016042,lipid catabolic process,1.8442723420989873,77
GO:0016485,protein processing,28/1068,169/12061,0.16568047337278108,1.8710413757950493,3.5543145013558375,8.694445807060249e-4,0.011811602229932418,0.009022047533043979,MDM2/RUNX1/C1RL/GGT1/GAS1/PSEN2/DYNC2H1/SLC30A8/TLL2/THBS1/BACE2/PRNP/C1R/PLAT/MMP14/NCSTN/DISP1/IFT172/PCSK5/NOL3/PRSS12/CTSL/PCSK6/GSN/CPE/CHAC1/ANXA2/PIDD1,28,Module 1,protein processing,GO:0016485,protein processing,1.9276911868554656,245
GO:0018212,peptidyl-tyrosine modification,31/1068,184/12061,0.16847826086956522,1.9026369890897248,3.8456506222819966,3.5065792448512294e-4,0.0059252515720419,0.004525880594991173,TP53/DUSP22/PTK2/ZFYVE28/TPST1/HES1/FGFR3/CLCF1/TTBK1/NTRK1/DDR1/PRNP/APP/EPHB2/ERBB4/PECAM1/IL31RA/TSLP/BANK1/ABL2/IL6ST/FGFR2/PDGFC/GFRA1/EPHA4/ANGPT1/LRP4/LRRK1/PLPP3/SYK/IL22RA2,31,Module 1,peptidyl-tyrosine modification,GO:0018212,peptidyl-tyrosine modification,2.2272932058190933,271
GO:0018958,phenol-containing compound metabolic process,13/1068,64/12061,0.203125,2.293905079588015,3.234873048827929,0.0035274680792370732,0.031947637035817586,0.024402540340814686,CTSB/BCL2/CYP2E1/DDC/CPQ/TPO/GPR37/SLCO1C1/SNCA/SLC1A1/ALDH2/TPH1/SRD5A1,13,Module 1,phenol-containing compound metabolic process,GO:0018958,phenol-containing compound metabolic process,1.4955612583273652,113
GO:0019221,cytokine-mediated signaling pathway,56/1068,350/12061,0.16,1.8068913857677902,4.774779020511874,8.882949474947462e-6,4.0455489894475013e-4,3.0901087396559095e-4,LAPTM5/TP53/CSF1/PPARG/TNFRSF11A/RBM47/IL18R1/ROBO1/IL1A/CXCL10/IL1RAP/USP27X/USP18/CEBPA/CLCF1/TXK/TICAM2/CXCL8/CD24/PLCB1/LILRB1/CCL1/MAPKAPK2/PYCARD/TBKBP1/CCR3/KRT8/MX1/IL31RA/TSLP/EGR1/NOTCH1/TRIM32/HDAC4/SPPL2A/IFNAR2/SAMHD1/IL6ST/CXCL11/CCR5/CXCL13/GAS6/LIFR/IRF7/FOSL1/ANGPT1/EDA2R/IL13RA1/SYK/SLC1A1/CXCL9/CX3CR1/FCER1G/IL22RA2/C1QTNF4/IL20RB,56,Module 1,cytokine-mediated signaling pathway,GO:0019221,cytokine-mediated signaling pathway,4.97681330536731,526
GO:0022404,molting cycle process,13/1068,63/12061,0.20634920634920634,2.3303162713275074,3.299680689902718,0.003052673175154047,0.028964053816640183,0.022123592142407153,LRIG1/BCL2/FZD3/DSG4/LGR4/NOTCH1/SPINK5/FGFR2/HPSE/LRP4/SOX21/SOX9/LAMA5,13,Module 1,molting cycle process,GO:0022405,hair cycle process,1.5381406542501603,97
GO:0030198,extracellular matrix organization,40/1068,188/12061,0.2127659574468085,2.4027810980954656,6.042125786749006,1.2625011409095654e-7,1.4040187106580329e-5,1.0724305897077584e-5,COL9A2/SMAD3/TGFBR1/PPARG/P3H4/RUNX1/COL3A1/LRP1/LARGE1/TLL2/ADAMTS16/MMP15/DDR1/APP/BCL3/LAMC1/HAS3/CST3/MMP14/PHLDB2/BMP2/ZNF469/NOTCH1/SPINK5/WASHC1/NID1/ADAMTS1/PRDM5/GAS6/NDNF/NTN4/FBLN1/SULF2/ITGA8/ABI3BP/HMCN1/SOX9/COL4A3/FOXF1/ANXA2,40,Module 1,extracellular matrix organization,GO:0030198,extracellular matrix organization,4.852627104541405,332
GO:0030335,positive regulation of cell migration,65/1068,398/12061,0.16331658291457288,1.84434579263358,5.33897525650752,8.154968869486327e-7,5.5710087334119456e-5,4.255299545431212e-5,HSPB1/CPNE3/MDM2/CSF1/SMAD3/S100A11/TGFBR1/BCL2/SEMA4F/PODXL/PTK2/EPB41L4B/FOXP1/F2R/IL1A/MGAT5/CXCL10/SASH1/BMP4/GPNMB/RHOB/IRS2/ONECUT1/THBS1/CXCL8/CCL1/APP/EPHB2/CXCL16/GATA2/PYCARD/FAM83H/SPRY2/SPARC/PECAM1/MMP14/HMOX1/BMP2/NOTCH1/TRIM32/ABL2/TWIST1/RIN2/WASHC1/PLK2/SEMA6C/CXCL13/PDGFC/ADAMTS1/GAS6/PRKD1/MYLK/EPHA4/ANGPT1/SEMA3B/PLPP3/AKAP12/TLR4/SOX9/MSTN/FOXF1/CX3CR1/PROX1/RET/SRGAP2C,65,Module 1,positive regulation of cell migration,GO:0030335,positive regulation of cell migration,4.254066160716712,580
GO:0030574,collagen catabolic process,7/1068,20/12061,0.35,3.952574906367041,4.118943268349793,0.0011566006584013547,0.014709745607647018,0.011235734279542836,CTSB/MRC2/MMP15/CST3/MMP14/RETREG1/CTSL,7,Module 1,collagen catabolic process,GO:0030574,collagen catabolic process,1.8323948379557107,45
GO:0031128,developmental induction,9/1068,20/12061,0.45,5.08188202247191,5.6943654307982,2.2112696050068397e-5,7.832808334179784e-4,5.982928288010709e-4,ROBO1/BMP4/SIX1/SPRY1/BMP2/HOXC11/NKX2-1/ROBO2/SOX9,9,Module 1,developmental induction,GO:0031128,developmental induction,3.1060825003470267,33
GO:0032102,negative regulation of response to external stimulus,40/1068,282/12061,0.14184397163120568,1.6018540653969773,3.1875918515945987,0.001902574996363767,0.020819481996822733,0.015902529778109773,SMAD3/PPARG/SEMA4F/TFPI/TYRO3/BCR/ROBO1/DHX58/AOAH/PROS1/USP18/TRIM45/THBS1/LILRB1/NT5E/PLAT/PHLDB2/NOTCH1/HLA-A/SELENOS/LPCAT3/SAMHD1/DTX4/SPINK5/KLF4/PLK2/SEMA6C/CCN3/CXCL13/FFAR4/C1QTNF3/ROBO2/EPHA4/SEMA3B/SYK/FOXF1/IL22RA2/ANXA2/MAPKBP1/IL20RB,40,Module 1,negative regulation of response to external stimulus,GO:0032102,negative regulation of response to external stimulus,1.998903968007576,456
GO:0032271,regulation of protein polymerization,26/1068,164/12061,0.15853658536585366,1.7903649401662558,3.17637688267931,0.002482843338037774,0.025476853697031787,0.019459966613550882,PFN2/ARHGAP18/SVIL/ADD2/CDC42EP3/CRACD/CAMSAP2/MAPT/TMOD2/MAPRE3/SNX9/CDC42EP4/CYFIP1/TTBK1/TPPP/KANK3/TENM1/PYCARD/STMN2/PLEKHG2/SPTA1/GSN/MAP2/SNCA/EML2/BAIAP2L2,26,Module 1,regulation of protein polymerization,GO:0032271,regulation of protein polymerization,1.593854206885675,204
GO:0070663,regulation of leukocyte proliferation,37/1068,200/12061,0.185,2.0892181647940076,4.841393542241925,1.210021396204436e-5,5.166359211294297e-4,3.946216395516347e-4,CD86/NFATC2/CSF1/BCL2/HLA-DPB1/PAWR/PTK2/CDKN1A/IL1A/BID/CD276/DLG5/HES1/BMP4/GPNMB/HHEX/CLCF1/IRS2/MAPK8IP1/CD24/SH3RF1/LILRB1/PRNP/IL4I1/EPHB2/CD38/PYCARD/TNFRSF21/HLA-A/PLA2G2F/IL6ST/SOS2/SPTA1/IGF2/TLR4/SYK/IL20RB,37,Module 1,regulation of leukocyte proliferation,GO:0032944,regulation of mononuclear cell proliferation,4.582740419321326,267
GO:0033033,negative regulation of myeloid cell apoptotic process,6/1068,12/12061,0.5,5.646535580524344,5.019327740589824,2.7512223953119874e-4,0.004964658677125254,0.0037921516233297304,BCL2/ITPKB/SELENOS/CCR5/GAS6/IRF7,6,Module 1,negative regulation of myeloid cell apoptotic process,GO:0033033,negative regulation of myeloid cell apoptotic process,2.304110604114529,21
GO:0030497,fatty acid elongation,5/1068,13/12061,0.38461538461538464,4.34348890809565,3.759371543987741,0.0037917925677600187,0.0331487240567247,0.025319965765663942,ABCD1/HACD3/HACD1/ELOVL3/ELOVL6,5,Module 1,fatty acid elongation,GO:0033559,unsaturated fatty acid metabolic process,1.4795331835725802,14
GO:0035107,appendage morphogenesis,22/1068,104/12061,0.21153846153846154,2.3889188994526074,4.433876669439791,9.214912533912161e-5,0.0022950891529774976,0.001753056277010702,MKS1/COL3A1/LARGE1/HOXC10/DYNC2H1/BMP4/TBX2/SP9/HOXC11/NOTCH1/TULP3/TWIST1/SHOX2/FGFR2/PCSK5/AFF3/TBX3/CYP26B1/RARB/LRP4/PITX1/SOX9,22,Module 1,appendage morphogenesis,GO:0035108,limb morphogenesis,2.6392004395846076,150
GO:0036293,response to decreased oxygen levels,36/1068,246/12061,0.14634146341463414,1.6526445601534667,3.2235067155336785,0.0018233285498753299,0.020231294588478527,0.015453255018164717,TP53/PMAIP1/MDM2/SMAD3/BCL2/PPARG/AK4/IL1A/PICK1/LOC102724560/PSEN2/CBS/THBS1/ARNT2/CD24/RYR1/CD38/PLAT/PDLIM1/MMP14/FOS/HMOX1/EGR1/BMP2/ITPR2/NOTCH1/SLC2A1/TWIST1/FGFR2/OPRD1/NOL3/NDNF/EPHA4/SLC1A1/MSTN/SLC6A4,36,Module 1,response to decreased oxygen levels,GO:0036293,response to decreased oxygen levels,1.6939763260950524,327
GO:0042063,gliogenesis,47/1068,243/12061,0.1934156378600823,2.1842565620135326,5.812702690016866,2.1665496216028259e-7,2.0720880581009428e-5,1.5827215130445907e-5,HEXB/TP53/ID2/CSF1/COL3A1/LRP1/PARD3/LARGE1/PICK1/GPR157/MAPT/WASF3/HES1/CDK5R2/CLCF1/TTBK1/EGR2/TPPP/APP/NTN1/ZNF365/MMP14/PITX3/TNFRSF21/BMP2/NKX2-1/NOTCH1/SRGAP2/NCSTN/ADGRG1/IL6ST/POU3F1/PAX2/CNTN1/SOX1/OLIG1/EPHA4/BCAN/CRB1/PLPP3/TLR4/SOX9/CSPG5/CX3CR1/PTPRB/NAB1/SRGAP2C,47,Module 1,gliogenesis,GO:0042063,gliogenesis,4.683591792201563,346
GO:0042246,tissue regeneration,13/1068,49/12061,0.2653061224489796,2.9961209202782237,4.363936181331164,2.445398634237777e-4,0.004603896168868129,0.003516590659264437,SELENON/RUNX1/CDKN1A/PTGFRN/LARGE1/TXK/ERBB4/MYMX/CPQ/NOTCH1/BCL9/CCN3/MSTN,13,Module 1,tissue regeneration,GO:0042246,tissue regeneration,2.336874479524459,79
GO:0042327,positive regulation of phosphorylation,66/1068,436/12061,0.15137614678899083,1.7095015977734254,4.703285128871408,9.607905877745945e-6,4.293925785736552e-4,3.2798262071597086e-4,CD86/TP53/CSF1/DSTYK/BCL2/PFN2/PTK2/CDKN1A/TNFRSF11A/TYRO3/ROBO1/TNFRSF10A/SLCO3A1/MAPT/SASH1/TLR6/MAPRE3/HES1/FGFR3/BMP4/GPNMB/SNX9/HSPA2/KNDC1/CLCF1/ADRB2/TTBK1/THBS1/NEK10/NTRK1/TENM1/CD24/DDR1/PRNP/APP/PRR5/SPRY2/FZD1/ERBB4/TBX1/PECAM1/IL31RA/TSLP/BMP2/BANK1/SQSTM1/IL6ST/FGFR2/OPRD1/PDGFC/GAS6/PRKD1/GFRA1/EPHA4/ADRA2C/ANGPT1/LRP4/LRRK1/PLPP3/TLR4/SNCA/SYK/SOX9/CX3CR1/PROX1/RET,66,Module 1,positive regulation of phosphorylation,GO:0042327,positive regulation of phosphorylation,3.3671454659835205,624
GO:0010817,regulation of hormone levels,50/1068,314/12061,0.1592356687898089,1.7982597390204917,4.467316595486272,3.0363713384176866e-5,0.0010153795622596768,7.755766318961628e-4,CTSB/RAB11FIP5/ACVR2B/PPARG/DGAT2/ILDR1/KDM5B/GNAZ/PICK1/CNR1/PFKFB2/PLEKHA1/SLC30A8/BRSK2/IRS2/SYT7/PLCB1/AKR1B15/BACE2/PRKCB/IL4I1/CD38/CPQ/EGR1/BMP2/DISP1/DOC2B/GIPR/PCSK5/CCN3/FFAR4/TPO/PRKD1/C1QTNF3/MYRIP/ALDH1A3/TBX3/CTSL/CYP26B1/SLCO1C1/PCSK6/FOXA1/PAPSS2/HTR2C/BBS1/CPE/MTNR1B/ADCY5/NLGN2/SRD5A1,50,Module 1,regulation of hormone levels,GO:0042391,regulation of membrane potential,2.993371582399971,539
GO:0042430,indole-containing compound metabolic process,5/1068,12/12061,0.4166666666666667,4.705446317103621,4.00273476192897,0.0025152385892928523,0.025476853697031787,0.019459966613550882,IL4I1/DDC/ALDH2/TPH1/SRD5A1,5,Module 1,indole-containing compound metabolic process,GO:0042430,indole-containing compound metabolic process,1.593854206885675,24
GO:0042692,muscle cell differentiation,51/1068,282/12061,0.18085106382978725,2.042363933381146,5.520658530818863,5.887069670200386e-7,4.615076584081679e-5,3.52513058767823e-5,NFATC2/ACTN1/SELENON/MDM2/ID2/BCL2/FOXP1/SMARCD3/PTGFRN/CXCL10/LARGE1/TMOD2/HES1/BMP4/TBX2/CACNB4/RYR1/SIX1/LAMC1/KRT8/MYMX/TANC1/TBX1/MMP14/BMP2/TNNT1/NOTCH1/TRIM32/HDAC4/BCL9/SHOX2/UCHL1/FGFR2/NID1/ACTN2/CCN3/KCNH1/PRKD1/CASQ1/IGF2/TBX3/SMAD1/CYP26B1/RARB/HEY2/ITGA8/SOX9/CXCL9/SLC8A1/FOXF1/PROX1,51,Module 1,muscle cell differentiation,GO:0042692,muscle cell differentiation,4.335821087754405,428
GO:0042983,amyloid precursor protein biosynthetic process,5/1068,13/12061,0.38461538461538464,4.34348890809565,3.759371543987741,0.0037917925677600187,0.0331487240567247,0.025319965765663942,PAWR/ITM2C/BACE2/SOAT1/NCSTN,5,Module 1,amyloid precursor protein biosynthetic process,GO:0042984,regulation of amyloid precursor protein biosynthetic process,1.4795331835725802,27
GO:0099601,regulation of neurotransmitter receptor activity,9/1068,23/12061,0.391304347826087,4.419027845627748,5.11552901871214,8.425060018361659e-5,0.0021777641625840786,0.0016634400150051186,ADRB2/SLC6A9/APP/EPHB2/DAPK1/NLGN3/NETO1/DLGAP1/NLGN2,9,Module 1,regulation of neurotransmitter receptor activity,GO:0043087,regulation of GTPase activity,2.661989153246002,46
GO:0043410,positive regulation of MAPK cascade,54/1068,306/12061,0.17647058823529413,1.992894910773298,5.483449490660674,6.167012505788582e-7,4.6782955313839625e-5,3.573419070175956e-5,LAPTM5/GADD45A/DUSP22/DSTYK/TNFRSF11A/ROBO1/F2R/IL1A/SASH1/RELL1/TLR6/FGFR3/AVPI1/BMP4/GPNMB/ADRB2/THBS1/NEK10/NDST1/MAPK8IP1/NTRK1/TENM1/CD24/PLCB1/SH3RF1/CCL1/APP/PYCARD/SPRY2/ERBB4/SH3RF3/TBX1/BMP2/BANK1/MAP4K1/NOTCH1/MID1/LPAR2/FGFR2/PDGFC/FFAR4/GAS6/IGF2/GPR37/ADRA2C/ANGPT1/EDA2R/AKAP12/TLR4/SYK/HTR2C/LPAR3/RET/MAPKBP1,54,Module 1,positive regulation of MAPK cascade,GO:0043410,positive regulation of MAPK cascade,4.329912346957116,475
GO:0023061,signal release,49/1068,323/12061,0.15170278637770898,1.7131903618928352,4.049587994488926,1.2634173050335778e-4,0.0029615988003287106,0.002262155855761876,RAB11FIP5/ACVR2B/PPARG/PFN2/SNPH/TNFRSF11A/ILDR1/KDM5B/F2R/IL1A/GNAZ/PICK1/CNR1/PFKFB2/SLC30A8/BRSK2/IRS2/SYT7/CACNB4/SYT3/PLCB1/LILRB1/PRKCB/CD38/SV2A/DOC2B/GIPR/PCSK5/CTBP2/CCN3/FFAR4/PRKD1/C1QTNF3/MYRIP/TBX3/SYT8/ADRA2C/ABCA1/SNCA/SYK/HTR2C/SYN3/CSPG5/CPE/MTNR1B/ADCY5/NRXN1/NLGN2/SLC6A4,49,Module 1,signal release,GO:0045055,regulated exocytosis,2.5284737745132153,487
GO:0045165,cell fate commitment,41/1068,173/12061,0.23699421965317918,2.6763925873005565,6.922222448487419,3.328622299464361e-9,5.48878339173744e-7,4.1924934225558393e-7,TP53/ID2/PRDM1/TGFBR1/BCL2/PPARG/LATS2/SOX5/GAS1/HOXC10/HES1/BMP4/TBX2/ARX/ONECUT1/SIX1/GATA2/SPRY2/ERBB4/TBX1/NR2F2/BMP2/NKX2-1/NOTCH1/KLF4/FGFR2/PAX2/GSC/SOX1/OLIG1/TBX3/SMAD1/CTSL/CYP26B1/HEY2/EYA1/FOXA1/PITX1/SOX9/MYT1L/PROX1,41,Module 1,cell fate commitment,GO:0045165,cell fate commitment,6.260523907791778,289
GO:0045667,regulation of osteoblast differentiation,22/1068,93/12061,0.23655913978494625,2.6714791993878624,5.043509308240159,1.485056666208274e-5,5.869042130419806e-4,4.482946178114581e-4,SMAD3/ACVR2B/PPARG/PTK2/SMAD6/BMP4/CEBPA/FZD1/BMP2/TNN/NOTCH1/TENT5A/TWIST1/IL6ST/FGFR2/FFAR4/PRKD1/SMAD1/CTHRC1/NELL1/SOX9/CRIM1,22,Module 1,regulation of osteoblast differentiation,GO:0045667,regulation of osteoblast differentiation,3.231432772929233,156
GO:0002694,regulation of leukocyte activation,62/1068,447/12061,0.13870246085011187,1.5663767605928833,3.8033775807152224,2.3663969139955357e-4,0.004490519858224861,0.003429990514437974,LAPTM5/CD86/TESPA1/NFATC2/DUSP22/ID2/PRDM1/BCL2/RUNX1/HLA-DPB1/PAWR/CDKN1A/TYRO3/SMARCD3/IL1A/BID/CD276/ITPKB/DLG5/CNR1/GPR137B/TLR6/HES1/BMP4/GPNMB/CEBPA/CLCF1/IRS2/TICAM2/TTBK1/THBS1/NECTIN2/MAPK8IP1/CD24/SH3RF1/LILRB1/HMCES/PRNP/IL4I1/EPHB2/CD38/PYCARD/MMP14/IL31RA/TSLP/TNFRSF21/BANK1/HLA-A/ABL2/PLA2G2F/IL6ST/SPINK5/SOS2/SPTA1/GAS6/IGF2/CYP26B1/TLR4/SNCA/SYK/JUNB/IL20RB,62,Module 1,regulation of leukocyte activation,GO:0046631,alpha-beta T cell activation,5.24260789414633,573
GO:0048514,blood vessel morphogenesis,78/1068,444/12061,0.17567567567567569,1.983917906670716,6.584222843237444,2.32486532381695e-9,4.447002391397062e-7,3.3967505994293963e-7,TYMP/GADD45A/HSPB1/PRDM1/TGFBR1/PPARG/RUNX1/PTK2/HOXA1/COL3A1/ROBO1/IL1A/CXCL10/LRP1/HOXA5/SASH1/HES1/EGFL7/HOXA3/BMP4/TBX2/GPNMB/TNFAIP2/HHEX/RHOB/THBS1/CXCL8/THSD7A/PRKCB/SIX1/EPHB2/GATA2/MINAR1/SPRY2/CCR3/GJC1/TBX1/SPARC/NR2F2/MMP14/HMOX1/HPGD/TNN/SLC12A6/NOTCH1/ADGRG1/TWIST1/CUL7/ELK3/SPINK5/E2F7/RIN2/KLF4/PLK2/FGFR2/CCN3/CXCL13/AMOTL1/ADAMTS1/PRKD1/NDNF/RAPGEF3/SMAD1/HPSE/MYLK/HEY2/UNC5B/ANGPT1/EYA1/SYK/SLC1A1/COL4A3/FOXF1/CX3CR1/PROX1/PTPRB/JUNB/ANXA2,78,Module 1,blood vessel morphogenesis,GO:0048514,blood vessel morphogenesis,6.351932637007042,715
GO:0048562,embryonic organ morphogenesis,46/1068,196/12061,0.23469387755102042,2.650414660246121,7.2608656906995845,5.171241631408158e-10,1.5534922556149747e-7,1.1866028587430854e-7,LRIG1/ID2/SMAD3/TGFBR1/HOXB7/RNF207/FZD3/PCGF2/HOXA1/BCR/HOXA5/HES1/HOXA3/BMP4/TBX2/NDST1/PDZD7/CLUAP1/SIX1/EPHB2/GATA2/SPRY2/NTN1/TBX1/MMP14/LHX1/HOXC11/NOTCH1/TULP3/TWIST1/SHOX2/IFT172/SIX3/FGFR2/PAX2/GSC/ALDH1A3/TBX3/CTHRC1/RARB/ITGA8/EYA1/SOX9/FOXF1/PROX1/VANGL2,46,Module 1,embryonic organ morphogenesis,GO:0048562,embryonic organ morphogenesis,6.80869090742482,297
GO:0048565,digestive tract development,22/1068,76/12061,0.2894736842105263,3.26904691504041,6.18489624803289,3.8462723269777345e-7,3.284441833501344e-5,2.508752814776831e-5,ID2/SMAD3/ACVR2B/PRDM1/BCL2/CDKN1A/COL3A1/HOXA5/HES1/CXCL8/LGR4/NOTCH1/IL6ST/SHOX2/IFT172/FGFR2/PCSK5/PDGFC/RARB/SOX9/FOXF1/RET,22,Module 1,digestive tract development,GO:0048565,digestive tract development,4.483538424955633,133
GO:0048589,developmental growth,70/1068,472/12061,0.1483050847457627,1.6748198755792547,4.661621945352771,1.055716018203046e-5,4.5894854536790604e-4,3.505583333171837e-4,TP53/WDR11/SELENON/BASP1/CSF1/SMAD3/ACVR2B/TRPV2/TGFBR1/LZTS2/BCL2/RUNX1/SEMA4F/CDKN1A/LATS2/COL3A1/KDM5B/FOXP1/PTGFRN/FLRT3/LARGE1/MAPT/GAS1/HOXA5/PLEKHA1/FGFR3/BMP4/TBX2/TLL2/ARX/ADRB2/CYFIP1/TXK/SOCS2/SYT3/PLCB1/DDR1/APP/SIX1/SPRY2/ERBB4/NTN1/MYMX/CPQ/LHX1/SPRY1/TNN/TSKU/NOTCH1/BCL9/FGFR2/SEMA6C/CCN3/DMBX1/MAGI2/NLGN3/IGF2/SMAD1/RARB/HEY2/SEMA3B/LRP4/RASAL2/MAP2/SOX9/MSTN/LPAR3/PROX1/SLC6A4/TAL2,70,Module 1,developmental growth,GO:0048589,developmental growth,3.338236002295892,666
GO:0048608,reproductive structure development,33/1068,195/12061,0.16923076923076924,1.9111351195620858,3.9980579683469264,2.1067783447155676e-4,0.00421531968386186,0.003219784565586003,MAMLD1/BASP1/CTNNA1/TGFBR1/BCL2/BCL2L2/AGO4/TYRO3/KDM5B/IL1A/PLEKHA1/SYCP2/BMP4/NTRK1/LGR4/NR2F2/MMP14/LHX1/NKX2-1/NOTCH1/ADGRG1/LFNG/EAF2/FGFR2/ADAMTS1/CYP7B1/TBX3/ROBO2/GFRA1/DMRT1/FOXA1/SOX9/SRD5A1,33,Module 1,reproductive structure development,GO:0048608,reproductive structure development,2.3751694835131585,307
GO:0048701,embryonic cranial skeleton morphogenesis,12/1068,35/12061,0.34285714285714286,3.8719101123595503,5.303290674264958,2.661858594102154e-5,9.144708046636863e-4,6.984995690380574e-4,SMAD3/TGFBR1/HOXA1/BMP4/NDST1/SIX1/TBX1/MMP14/LHX1/TULP3/TWIST1/FGFR2,12,Module 1,embryonic cranial skeleton morphogenesis,GO:0048701,embryonic cranial skeleton morphogenesis,3.0388301552240398,45
GO:0048729,tissue morphogenesis,80/1068,415/12061,0.1927710843373494,2.176977573214205,7.605101407418088,1.3162494554391205e-11,8.924766017064467e-9,6.816997530038897e-9,PLXNB2/MDM2/LUZP1/MKS1/CSF1/SMAD3/TGFBR1/LZTS2/BCL2/HOXB7/PODXL/RNF207/FZD3/ARHGAP12/COL3A1/KDM5B/FOXP1/ROBO1/FLRT3/CXCL10/DLG5/HOXA5/JHY/HES1/BMP4/TBX2/BRSK2/ADAMTS16/RIPK4/RHOB/TMEFF2/DDR1/CLUAP1/SIX1/SPRY2/FZD1/ERBB4/NTN1/TBX1/LGR4/HS3ST3A1/MMP14/LHX1/PHLDB2/SPRY1/BMP2/NKX2-1/NOTCH1/TULP3/ASTN2/TWIST1/SHOX2/IFT172/SIX3/KLF4/FGFR2/PAX2/NTN4/CYP7B1/CELSR1/ALDH1A3/TBX3/SMAD1/CTHRC1/ROBO2/MYLK/EPHA4/HEY2/ITGA8/EYA1/TLX2/FOXA1/SOX9/ARTN/FOXF1/PROX1/ITGB5/VANGL2/RET/LAMA5,80,Module 1,tissue morphogenesis,GO:0048729,tissue morphogenesis,8.049403161079054,616
GO:0048754,branching morphogenesis of an epithelial tube,30/1068,98/12061,0.30612244897959184,3.4570626003210276,7.612203224065785,6.867005038277478e-10,1.8459720481311774e-7,1.4100074857503324e-7,MKS1/CSF1/BCL2/HOXB7/KDM5B/DLG5/HOXA5/BMP4/TBX2/ADAMTS16/DDR1/SIX1/SPRY2/LGR4/HS3ST3A1/MMP14/LHX1/SPRY1/BMP2/NKX2-1/NOTCH1/FGFR2/PAX2/CELSR1/TBX3/EYA1/FOXA1/SOX9/FOXF1/LAMA5,30,Module 1,branching morphogenesis of an epithelial tube,GO:0048754,branching morphogenesis of an epithelial tube,6.733774879385023,157
GO:0048771,tissue remodeling,26/1068,122/12061,0.21311475409836064,2.4067200835021794,4.867486922278686,1.9148099298244158e-5,7.07134377708258e-4,5.401299369670598e-4,TP53/MDM2/ACVR2B/PPARG/P3H4/RUNX1/TNFRSF11A/BCR/F2R/IL1A/GPR137B/LOC102724560/HOXA3/GPNMB/CBS/ADRB2/SYT7/CD38/LGR4/CST3/MMP14/CTHRC1/CRB1/LRRK1/SYK/TPH1,26,Module 1,tissue remodeling,GO:0048771,tissue remodeling,3.1504980487890006,188
GO:0050817,coagulation,25/1068,154/12061,0.16233766233766234,1.8332907728975145,3.2438213115110384,0.0021418846405016688,0.02327839170654314,0.01778071699172438,CD59/HSPB1/RAB27A/TFPI/TYRO3/COL3A1/F2R/F11R/PROS1/TXK/THBS1/EPHB2/PLAT/IL6ST/GAS6/FBLN1/HPSE/ADRA2C/HS3ST5/PAPSS2/TLR4/SYK/FCER1G/SLC6A4/ANXA2,25,Module 1,coagulation,GO:0050817,coagulation,1.6330470281931813,231
GO:0050872,white fat cell differentiation,6/1068,13/12061,0.46153846153846156,5.2121866897147795,4.73612301836434,4.7275222374537667e-4,0.0074121348654111185,0.005661605578590017,PPARG/CEBPA/PNPLA3/RETREG1/CTBP2/FFAR4,6,Module 1,white fat cell differentiation,GO:0050872,white fat cell differentiation,2.130056687198393,17
GO:0050890,cognition,42/1068,208/12061,0.20192307692307693,2.280331676750216,5.80552075564832,2.8354520588657524e-7,2.558326744433213e-5,1.9541248548687513e-5,SLC1A4/ATXN1/CBR3/ACSS2/HOXA1/BTG2/CAMK2N1/ZNF385A/LARGE1/HRH1/MAPT/CNR1/TMOD2/CYFIP1/FOXO6/TTBK1/EGR2/C1QL1/NTRK1/PLCB1/PRNP/APP/EPHB2/TANC1/FOS/DNAAF4/GM2A/NCSTN/CPEB3/ADCY1/PLK2/TUSC3/NLGN3/RAPGEF3/FOSL1/ITGA8/NETO1/SLC1A1/CX3CR1/NRXN1/SLC6A4/MAN2B1,42,Module 1,cognition,GO:0050890,cognition,4.592043989082484,322
GO:0001755,neural crest cell migration,11/1068,32/12061,0.34375,3.881993211610487,5.088084866547276,5.616075234601347e-5,0.0015810398954701533,0.0012076445524403867,SEMA4F/NRTN/BMP4/ERBB4/TBX1/TWIST1/SEMA6C/PITX2/SEMA3B/RET/LAMA5,11,Module 1,neural crest cell migration,GO:0050900,leukocyte migration,2.80105717107732,57
GO:0051960,regulation of nervous system development,61/1068,323/12061,0.18885448916408668,2.1327471852135296,6.431886417894561,8.686367649005876e-9,1.2217120616925323e-6,9.331794347384023e-7,TP53/PLXNB2/TYMP/ID2/CTNNA1/TRPV2/SEMA4F/FZD3/ROBO1/SMARCD3/BTG2/FLRT3/PARD3/IL1RAP/DLG5/MAPT/WASF3/HES1/CLCF1/CYFIP1/TTBK1/EGR2/TPPP/NTRK1/HLTF/CLSTN3/EPHB2/GATA2/PLXNB1/NTN1/ZNF365/PRTG/PITX3/TNFRSF21/BMP2/NOTCH1/TRIM32/CUL7/IL6ST/SHOX2/CBLN2/PTPN13/SEMA6C/NLGN3/AMIGO1/ROBO2/EPHA4/RARB/HEY2/SEMA3B/LRP4/BCAN/MAP2/TLX2/LPAR3/CX3CR1/PROX1/CBLN1/NRXN1/NLGN2/ANXA2,61,Module 1,regulation of nervous system development,GO:0051960,regulation of nervous system development,5.913031138408575,468
GO:0060441,epithelial tube branching involved in lung morphogenesis,12/1068,23/12061,0.5217391304347826,5.892037127503664,7.319436698465207,1.1766992339122017e-7,1.3397561277543212e-5,1.023344947788306e-5,DLG5/HOXA5/BMP4/TBX2/SPRY2/SPRY1/NKX2-1/FGFR2/CELSR1/FOXA1/SOX9/FOXF1,12,Module 1,epithelial tube branching involved in lung morphogenesis,GO:0060441,epithelial tube branching involved in lung morphogenesis,4.872974247910921,30
GO:0060749,mammary gland alveolus development,8/1068,17/12061,0.47058823529411764,5.314386428728795,5.548291812203376,4.325945750639212e-5,0.0013346240373907556,0.0010194249069418043,ID2/TNFRSF11A/HOXA5/SOCS2/DDR1/ERBB4/FOXF1/TPH1,8,Module 1,mammary gland alveolus development,GO:0060749,mammary gland alveolus development,2.8746410575070107,20
GO:0071363,cellular response to growth factor stimulus,81/1068,491/12061,0.164969450101833,1.863011739399071,6.085439319363606,2.205837522374738e-8,3.0138042948559996e-6,2.302031940643712e-6,TP53/HSPB1/CPNE3/MDM2/DUSP22/SMAD3/ACVR2B/DSTYK/TGFBR1/PPARG/PTK2/LATS2/LTBP1/COL3A1/KDM5B/ROBO1/FLRT3/TGIF1/NEDD4/SOX5/DOCK3/MAPT/GAS1/SMAD6/DSG4/HES1/FGFR3/BMP4/TBX2/HHEX/CYFIP1/ONECUT1/THBS1/NDST1/CXCL8/NTRK1/PXN/MAPKAPK2/PRKCB/SPRY2/FZD1/ERBB4/TBX1/FOS/PITX3/LHX1/EGR1/SPRY1/STMN2/BMP2/SMAD9/HPGD/NKX2-1/NOTCH1/TWIST1/PDE3A/FSTL5/KLF4/FGFR2/PAX2/OPRD1/CXCL13/MAGI2/GAS6/PRKD1/NDNF/ZNF423/SMAD1/SULF2/GFRA1/PCSK6/ITGA8/TLR4/SOX9/FEZ1/MSTN/FSTL1/CX3CR1/CRIM1/ITGB5/SRD5A1,81,Module 1,cellular response to growth factor stimulus,GO:0071363,cellular response to growth factor stimulus,5.520884952560088,747
GO:0071402,cellular response to lipoprotein particle stimulus,7/1068,26/12061,0.2692307692307692,3.0404422356669545,3.246303331685083,0.006134023196758133,0.04554797970015123,0.034790880177755355,PPARG/TXNIP/TLR6/ABCA1/TLR4/SYK/FCER1G,7,Module 1,cellular response to lipoprotein particle stimulus,GO:0071402,cellular response to lipoprotein particle stimulus,1.3415308815786813,41
GO:0006816,calcium ion transport,38/1068,267/12061,0.14232209737827714,1.6072535734825848,3.1274927700182813,0.0022952379243019053,0.024122698360465298,0.01842562312857747,NCS1/SELENON/TRPV2/BCL2/F2R/CXCL10/GRIN2C/HOMER3/CACNA2D4/HES1/PSEN2/PLCD1/CACNB4/PLCB1/LILRB1/RYR1/PRNP/PRKCB/ITPR2/CACNA1A/WFS1/TSPAN13/CXCL11/OPRD1/CCR5/NOL3/GAS6/PRKD1/CASQ1/CATSPER2/MYLK/CACHD1/SNCA/HTR2C/CXCL9/SLC8A1/MCOLN3/ANXA2,38,Module 1,calcium ion transport,GO:0071805,potassium ion transmembrane transport,1.6175741137161934,428
GO:0072001,renal system development,56/1068,218/12061,0.25688073394495414,2.9009724083427826,8.828244687881716,1.2241588490041327e-13,2.379691416116001e-10,1.8176779620776433e-10,BASP1/SMAD3/ACVR2B/PRDM1/TGFBR1/LZTS2/BCL2/HOXB7/PODXL/DLG5/SMAD6/HES1/DYNC2H1/BMP4/ADAMTS16/PROM1/CD24/SIX1/POU3F3/ERBB4/DDC/LGR4/HS3ST3A1/PECAM1/LHX1/EGR1/SPRY1/BMP2/HPGD/HOXC11/NOTCH1/WFS1/FGFR2/PAX2/NID1/PCSK5/ADAMTS1/MAGI2/SMAD1/ROBO2/SULF2/GFRA1/EPHA4/CYP26B1/RARB/ANGPT1/ITGA8/LRP4/EYA1/SOX9/COL4A3/FOXF1/PROX1/VANGL2/RET/LAMA5,56,Module 1,renal system development,GO:0072001,renal system development,9.623479355954773,329
GO:0007015,actin filament organization,50/1068,357/12061,0.1400560224089636,1.5816626275978556,3.4772769249735997,7.410390650861991e-4,0.010609726973779054,0.008104020031040375,ACTN1/SMAD3/TGFBR1/BCL2/RHOQ/RHOU/PAWR/PFN2/ARHGAP18/SVIL/ADD2/SPIRE2/ARHGAP12/F11R/CDC42EP3/POF1B/FAM171A1/CRACD/PICK1/WASF3/TMOD2/SAMD14/MYO1D/SNX9/CDC42EP4/SORBS1/CYFIP1/RHOB/MYO1B/TMEFF2/KANK3/TENM1/PXN/LIMA1/FHDC1/PYCARD/PDLIM1/PHLDB2/ASAP3/PLEKHG2/WASHC1/SPTA1/ACTN2/ENAH/MICALL2/RAPGEF3/GSN/PROX1/ITGB5/BAIAP2L2,50,Module 1,actin filament organization,GO:0086003,cardiac muscle cell contraction,2.258831264685984,467
GO:0043542,endothelial cell migration,27/1068,163/12061,0.1656441717791411,1.8706314193148132,3.4881272666917567,0.0010695500348342493,0.013936207810837547,0.010644883467302009,GADD45A/HSPB1/LGALS8/TGFBR1/PPARG/PTK2/FOXP1/ROBO1/SASH1/RHOB/THBS1/PXN/GATA2/SPARC/NR2F2/HMOX1/NOTCH1/RIN2/KLF4/PLK2/CCN3/CXCL13/PRKD1/ANGPT1/PLPP3/FSTL1/PROX1,27,Module 1,endothelial cell migration,GO:0090132,epithelium migration,2.133497951370105,286
GO:0090596,sensory organ morphogenesis,43/1068,175/12061,0.24571428571428572,2.7748689138576776,7.371716258319969,4.1060092412553717e-10,1.510379707052553e-7,1.153672232158392e-7,LRIG1/PRDM1/BCL2/ZHX2/FZD3/HOXA1/BCR/LARGE1/BMP4/TBX2/PROM1/PDZD7/SIX1/EPHB2/GATA2/SPRY2/NTN1/TBX1/PITX3/LHX1/TSKU/NOTCH1/TWIST1/IFT172/SIX3/SAMD11/FGFR2/PAX2/GSC/SOX1/PITX2/ALDH1A3/TBX3/CTHRC1/CYP26B1/RARB/ITGA8/CRB1/FAT3/EYA1/SOX9/SLC1A1/PROX1,43,Module 1,sensory organ morphogenesis,GO:0090596,sensory organ morphogenesis,6.820913858039586,278
GO:0097006,regulation of plasma lipoprotein particle levels,11/1068,49/12061,0.22448979591836735,2.53517924023542,3.3562216413011976,0.0031371209189642985,0.029186210572932445,0.022293281975847054,CIDEB/DGAT2/LDLRAP1/APOC1/SOAT1/HMOX1/LPCAT3/PCSK5/PCSK6/ABCA1/ANXA2,11,Module 1,regulation of plasma lipoprotein particle levels,GO:0097006,regulation of plasma lipoprotein particle levels,1.5348222885028349,91
GO:0097164,ammonium ion metabolic process,5/1068,13/12061,0.38461538461538464,4.34348890809565,3.759371543987741,0.0037917925677600187,0.0331487240567247,0.025319965765663942,SLC44A1/DDC/ALDH2/TPH1/SRD5A1,5,Module 1,ammonium ion metabolic process,GO:0097164,ammonium ion metabolic process,1.4795331835725802,23
GO:0007411,axon guidance,36/1068,140/12061,0.2571428571428571,2.9039325842696626,7.062531642932886,2.9490343306400543e-9,5.223067470044719e-7,3.9895318235169545e-7,PLEKHG4/EPHA10/SEMA4F/PTK2/FZD3/ROBO1/FLRT3/NOVA2/ARX/CDK5R2/CYFIP1/EGR2/NTRK1/APP/PALLD/EPHB2/NTN1/LHX1/NKX2-1/ARHGEF25/NOTCH1/UNC5C/SEMA6C/ENAH/CNTN1/NTN4/ROBO2/EPHA4/UNC5B/SEMA3B/ARTN/FEZ1/NRXN1/VANGL2/RET/CELSR3,36,Module 1,axon guidance,GO:0097485,neuron projection guidance,6.282074364038776,234
GO:0099537,trans-synaptic signaling,74/1068,459/12061,0.16122004357298475,1.8206694246570871,5.587394447244018,2.359925405285108e-7,2.1702237092448823e-5,1.6576803960201064e-5,SLC1A4/NQO1/PFN2/SNPH/BCR/F2R/IL1RAP/LARGE1/PICK1/HRH1/GRIN2C/MAPT/CNR1/TMOD2/TSHZ3/CDHR3/ADRB2/CYFIP1/SLC12A7/CHRM2/SLC6A9/EGR2/NTRK1/SYT7/CACNB4/PCDHB9/PLCB1/RAPSN/PCDHB10/PRNP/CLSTN3/APP/PRKCB/EPHB2/CD38/GJC1/HRH4/PLAT/SV2A/FABP5/SLC12A6/NCSTN/SQSTM1/CACNA1A/FARP1/CBLN2/CPEB3/ADCY1/PLK2/DOC2B/CTBP2/NLGN3/HTR7/EPHA4/PCDHB14/SYT8/NETO1/GABRB2/AKAP12/SNCA/CHRNB3/HTR2C/SYN3/DLGAP1/SLC1A1/CSPG5/LPAR3/CX3CR1/MTNR1B/CBLN1/NRXN1/PCDHB11/NLGN2/SLC6A4,74,Module 1,trans-synaptic signaling,GO:0099537,trans-synaptic signaling,4.6634954962514845,764
GO:1902476,chloride transmembrane transport,11/1068,53/12061,0.20754716981132076,2.3438449579535017,3.055997028675412,0.005926112268716953,0.044698215881710524,0.034141805698900594,TTYH3/SLC1A4/CLIC5/SLC12A7/SLC12A6/SLC12A8/CLCN4/GABRB2/SLC1A1/ANO2/SLC26A4,11,Module 1,chloride transmembrane transport,GO:0099587,inorganic ion import across plasma membrane,1.3497098112795087,109
GO:0106106,cold-induced thermogenesis,23/1068,121/12061,0.19008264462809918,2.1466168322654533,3.9510270310415203,3.456885849492439e-4,0.005861995791586115,0.004477563978252618,ACVR2B/TRPV2/ACOT11/IL18R1/PCTP/NOVA2/HOXC10/ADRB2/ELOVL3/ELOVL6/LGR4/ZNF516/FABP5/NOTCH1/SFXN5/PDGFC/FFAR4/IGF2BP2/ZNF423/NOVA1/TLR4/SYK/OXT,23,Module 1,cold-induced thermogenesis,GO:0106106,cold-induced thermogenesis,2.231954497683933,152
GO:1902807,negative regulation of cell cycle G1/S phase transition,14/1068,66/12061,0.21212121212121213,2.3954999432527524,3.5432584462409253,0.0016299335966012808,0.01901059136328616,0.014520846162275855,TP53/MDM2/BCL2/CDKN1A/CTDSPL/GPNMB/SUSD2/CACNB4/DCUN1D3/E2F7/KLF4/PLK2/GPR15LG/PIDD1,14,Module 1,negative regulation of cell cycle G1/S phase transition,GO:1902807,negative regulation of cell cycle G1/S phase transition,1.7210043733072349,94
GO:1902893,regulation of miRNA transcription,16/1068,63/12061,0.25396825396825395,2.868081564710778,4.633539256111145,8.614551771524021e-5,0.0022147734715821433,0.0016917088085562169,TP53/SMAD3/PPARG/SMAD6/BMP4/GATA2/FOS/EGR1/BMP2/TWIST1/KLF4/TEAD1/SMAD1/FOSL1/FOXA1/SOX9,16,Module 1,regulation of miRNA transcription,GO:1902893,regulation of miRNA transcription,2.65467068708104,75
GO:1903018,regulation of glycoprotein metabolic process,10/1068,34/12061,0.29411764705882354,3.321491517955497,4.22502293224118,5.168157944389407e-4,0.007895888591076724,0.006031110834717083,CHP1/BCL2/PAWR/ITM2C/PLCB1/BACE2/SOAT1/CST3/NCSTN/ACER2,10,Module 1,regulation of glycoprotein metabolic process,GO:1903018,regulation of glycoprotein metabolic process,2.1025989880767626,61
GO:2000379,positive regulation of reactive oxygen species metabolic process,11/1068,49/12061,0.22448979591836735,2.53517924023542,3.3562216413011976,0.0031371209189642985,0.029186210572932445,0.022293281975847054,TP53/GADD45A/RAB27A/CDKN1A/CBR1/MAPT/TLR6/THBS1/TLR4/SNCA/SYK,11,Module 1,positive regulation of reactive oxygen species metabolic process,GO:2000379,positive regulation of reactive oxygen species metabolic process,1.5348222885028349,70
GO:0141091,transforming growth factor beta receptor superfamily signaling pathway,39/1068,244/12061,0.1598360655737705,1.8050400626266347,3.95967877033749,2.0388452258448894e-4,0.004131253334741636,0.0031555722273335267,TP53/DUSP22/SMAD3/ACVR2B/TGFBR1/PPARG/PTK2/LATS2/LTBP1/COL3A1/SMAD6/DSG4/HES1/BMP4/ONECUT1/THBS1/PXN/SPRY2/FZD1/FOS/EGR1/SPRY1/BMP2/SMAD9/HPGD/NKX2-1/NOTCH1/FSTL5/IGSF1/MAGI2/ZNF423/SMAD1/PCSK6/ITGA8/DMRT1/MSTN/FSTL1/CRIM1/ITGB5,39,Module 1,NA,NA,NA,NA,NA
GO:0035633,maintenance of blood-brain barrier,9/1244,29/12061,0.3103448275862069,3.0088978822485863,3.6729784264654577,0.0018996148158303052,0.032186053151612416,0.026969796362374093,DMD/MBP/MFSD2A/PTGS2/LAMA2/IL6/LSR/TJP1/VCL,9,Module 2,maintenance of blood-brain barrier,GO:0001659,temperature homeostasis,1.492332275863863,38
GO:0001819,positive regulation of cytokine production,69/1244,360/12061,0.19166666666666668,1.8582730439442658,5.606549522923869,2.311996589485621e-7,3.8227667746839835e-5,3.203227216721095e-5,CD55/HK1/TYK2/OSM/CD80/PIK3R1/MAPK13/TRIM16/STAT5B/IL15/SASH3/TIGIT/STING1/STAT3/SCAMP5/TLR1/CYP1B1/NR4A3/SPN/TNFSF4/MBP/ZNF580/IKBKE/ZP3/PDE4B/OAS2/IL1R1/CD274/SLAMF1/S100A13/CLNK/CD40LG/IL9/TLR7/CARD11/LTB/IL13/PTGS2/GBP5/GATA6/IL12RB1/IL1RL1/CARD9/LY96/EBI3/CD36/TRAF3IP3/NFAM1/IL6/PDE4D/TNF/SPHK1/GARIN5A/IL17F/CCL3/FOXP3/SAA1/IRF1/IL12RB2/CSF1R/BATF/PIK3CD/CYBA/ATF4/RASGRP1/AIM2/STOML2/IL4R/SLC11A1,69,Module 2,positive regulation of cytokine production,GO:0001819,positive regulation of cytokine production,4.4176221972876695,500
GO:0002250,adaptive immune response,79/1244,374/12061,0.21122994652406418,2.047945647127603,6.981575941271675,2.941167441623528e-10,2.820579576516963e-7,2.3634602367741065e-7,CD55/ERAP2/PAG1/TYK2/CTSH/SOCS3/SAMSN1/CD80/ORAI1/JAK3/EIF2AK4/GPR183/BCL6/SASH3/BACH2/STAT3/SPN/SMAD7/TNFSF4/IL7R/ZP3/NFKBIZ/CD3G/PLA2G4A/IL1R1/CD274/CD3D/SLAMF1/CD40LG/IL9/STAT4/FCER2/C4BPB/TEC/PVR/SIT1/IL12RB1/CTLA4/IL1RL1/CARD9/EBI3/SEMA4A/KDM5D/IL6/HLA-DQB2/BTNL8/HLA-DOB/CD8A/TRAV4/TNF/PDCD1LG2/FCER1A/CCR6/CFI/LYN/IL17F/HLX/FUT7/FOXP3/RORC/NCKAP1L/HLA-DOA/IRF1/UNC13D/BATF/PIK3CD/ZAP70/CD247/TRBC2/MYO1G/WAS/TRGV3/TRBJ2-7/TAP1/NFKB2/HLA-DMB/IL4R/SLC11A1/TRGV4,79,Module 2,adaptive immune response,GO:0002250,adaptive immune response,9.274367152829374,767
GO:0002526,acute inflammatory response,19/1244,59/12061,0.3220338983050847,3.1222273693389284,5.5414259603797955,3.8847792352129125e-6,3.386821169608348e-4,2.837933462355538e-4,OSM/PTGER3/FN1/SIGIRR/SPN/TNFSF4/SCN11A/ZP3/PTGS2/PTGES/IL6/TNF/FCER1A/AHSG/IL22/FUT7/SAA1/ACVR1/B4GALT1,19,Module 2,acute inflammatory response,GO:0002526,acute inflammatory response,3.4702077342979987,109
GO:0001578,microtubule bundle formation,18/1244,87/12061,0.20689655172413793,2.0059319214990574,3.193294835270441,0.0029617840954822556,0.04522851827336757,0.03789852461433379,CLIP1/TPGS1/GAS2L1/MTCL1/NEURL1/SPEF2/CFAP46/DNAH5/CCDC40/ODAD2/SPAG6/NCKAP5/DNAH1/CCDC65/TOGARAM1/PSRC1/CCDC103/LRGUK,18,Module 2,microtubule bundle formation,GO:0003341,cilium movement,1.344587639895933,126
GO:0006607,NLS-bearing protein import into nucleus,7/1244,19/12061,0.3684210526315789,3.571966491792181,3.804724582944038,0.002013522996701893,0.033178153845998544,0.0278011115153233,RGPD4/RGPD8/CBLB/RGPD1/RGPD3/RGPD5/RGPD6,7,Module 2,NLS-bearing protein import into nucleus,GO:0006607,NLS-bearing protein import into nucleus,1.4791477833750095,20
GO:0022407,regulation of cell-cell adhesion,83/1244,366/12061,0.226775956284153,2.198669460404477,7.897148404141459,2.1156732414420373e-12,1.0144653192714568e-8,8.500552381667637e-9,CD55/PAG1/TWSG1/TYK2/MAP2K5/PRKCA/CD80/JAK3/EMILIN1/STAT5B/BCL6/IL15/CD44/SASH3/RASAL3/TIGIT/NR4A3/SPN/SMAD7/TNFSF4/WNT10B/MBP/DPP4/GCNT1/IL7R/ZP3/IL2RA/CBLB/MAD1L1/ADAM19/NFKBIZ/KLHL25/ICOS/FXYD5/CD274/SLAMF1/CD40LG/SDC4/ABCA12/RHOH/CARD11/CDH1/GCNT2/MAGI1/ADTRP/EMILIN2/IL12RB1/CTLA4/EBI3/IL6/CD9/HLA-DQB2/ZNF703/HLA-DOB/TGFBR2/TNF/IL1RN/PDCD1LG2/ADORA2A/TNFAIP8L2/LYN/TJP1/HLX/EGR3/FUT7/FOXP3/NCKAP1L/HLA-DOA/MAP3K8/IRF1/AFDN/SOCS1/ETS1/CORO1A/ZAP70/FERMT3/CCL5/LGALS3/RASGRP1/HLA-DMB/IL4R/ZMIZ1/ST3GAL4,83,Module 2,regulation of cell-cell adhesion,GO:0007156,homophilic cell adhesion via plasma membrane adhesion molecules,7.993762795260977,496
GO:0007259,receptor signaling pathway via JAK-STAT,27/1244,108/12061,0.25,2.4238344051446945,5.040380585880773,9.512005639100154e-6,6.610154643403658e-4,5.538874984659845e-4,STAT5A/TYK2/SOCS3/OSM/JAK3/IL10RA/STAT5B/IL15/STAT3/CYP1B1/IL7R/LIF/IL9/STAT4/PRLR/IL13/TNFRSF18/IL6/TNF/IL5/TNFRSF1A/LYN/SOCS1/CSF1R/CCL5/PKD2/MST1,27,Module 2,receptor signaling pathway via JAK-STAT,GO:0007169,transmembrane receptor protein tyrosine kinase signaling pathway,3.179788380152596,174
GO:0007186,G protein-coupled receptor signaling pathway,76/1244,434/12061,0.17511520737327188,1.6978010579815372,5.020801842990456,2.2991474249380973e-6,2.2498799801179954e-4,1.8852514975271144e-4,GPR171/PRKCA/S1PR4/ORAI1/GIPC1/CISH/RAPGEF2/ITPR1/GPR183/PDGFRL/DGKB/PTGER3/PTH2R/SCN11A/AKAP13/RGS12/ADM2/PDE4B/APLP1/CYSLTR2/PLCB2/GPR55/CACNA1D/GPR18/GNAO1/PTGIR/IQGAP2/ACKR3/PADI2/RAMP3/RGS18/TMEM145/PDE4D/HCAR1/RIMS2/CXCL3/SLIT3/GPR141/GNA15/GPR35/AGTRAP/ADGRA2/GABBR1/RXFP1/CCR10/CGB2/PMCH/FFAR1/GPR85/ADGRB1/RPH3AL/INSL3/ADORA2A/RGS13/GHRL/CCR6/SPHK1/S1PR3/DGKI/LYN/CCL3/ADGRD1/GPR3/GAP43/GPR87/PPBP/DAGLA/GRK7/CRTC3/GNGT2/GNG2/GPR65/CCL5/RGS1/PDE6H/AKR1C2,76,Module 2,G protein-coupled receptor signaling pathway,GO:0007186,G protein-coupled receptor signaling pathway,3.6478406487165156,1314
GO:0034329,cell junction assembly,50/1244,286/12061,0.17482517482517482,1.6949890945067791,4.033768570060227,1.276321407204445e-4,0.004567135184735309,0.0038269590033773496,NLGN1/PRKCA/RAPGEF2/MACF1/SLC9A1/DMTN/FN1/RHOC/SMAD7/FERMT2/LRRN3/ACTN3/SDC4/NRXN2/CLDN16/CDH1/CNTNAP1/NTRK2/GJB2/SEMA4A/ACHE/SIX4/CD9/DSCAM/CLDN7/LRFN5/LRRTM3/ZNF703/CNTNAP2/LSR/NRCAM/ADGRB1/TNF/CDH8/LRFN1/PRKCH/GHRL/LRRC4B/CLDN4/CDH11/EPHB1/GAP43/TJP1/ACVRL1/COL16A1/AFDN/DLC1/DNM3/SEMA4D/VCL,50,Module 2,cell junction assembly,GO:0007416,synapse assembly,6.246955898701598,453
GO:0050795,regulation of behavior,12/1244,47/12061,0.2553191489361702,2.475405349935007,3.4367417459960112,0.0023389644254648598,0.03763535040303356,0.03153594917696704,GPR171/NLGN1/EIF2AK4/STAT3/NR4A3/STRA6/CNTNAP4/ADORA2A/GHRL/CCL3/ZFHX3/AIM2,12,Module 2,regulation of behavior,GO:0007610,behavior,1.4244040361224546,74
GO:0008037,cell recognition,18/1244,84/12061,0.21428571428571427,2.077572347266881,3.360798583176964,0.0019697760074408087,0.0329096723194379,0.02757614164827276,NEDD9/ZP3/COLEC10/C4BPB/DSCAML1/ROBO3/CD36/CD9/DSCAM/CNTNAP2/NRCAM/ADGRB1/ZPBP/EPHB1/GAP43/LGALS3/B4GALT1/MYO18A,18,Module 2,cell recognition,GO:0008038,neuron recognition,1.4826764419404619,155
GO:0009617,response to bacterium,68/1244,408/12061,0.16666666666666666,1.6158896034297963,4.291849758598971,4.1107234783837376e-5,0.0019515761464207943,0.001635292497862504,CD55/PRKCA/CD80/MTDH/IL10RA/EMILIN1/NAALADL2/GPX1/CDK19/TLR1/SIGIRR/VIM/SPN/TNFSF4/PRKCE/IL7R/PDE4B/NR4A1/NFKBIZ/CPS1/OAS2/PGLYRP4/CD274/CARD16/C4BPB/CDH1/ITGAM/PRLR/IL13/PTGS2/PTGIR/GBP5/EMILIN2/GJB2/CARD9/LY96/CD36/LOXL1/IL6/CXCL3/LRG1/ADAMTS9/IRAK2/TRAV4/ADGRB1/TNF/CUBN/PDCD1LG2/ANG/TNFRSF1A/UPK1B/PGLYRP3/CYP1A1/LYN/IL17F/PPBP/DMBT1/FOXP3/CD96/IL12RB2/CYBA/RGS1/NFKB2/GSDMB/PCK2/PLSCR3/SLC11A1/CFD,68,Module 2,response to bacterium,GO:0009617,response to bacterium,3.1106964457492476,738
GO:0014047,glutamate secretion,6/1244,15/12061,0.4,3.8781350482315116,3.782385564998544,0.00261952754296028,0.041047825387237065,0.0343953788492583,GIPC1/SYT4/APBA1/NTRK2/GABBR1/ADORA2A,6,Module 2,glutamate secretion,GO:0015908,fatty acid transport,1.3867098457878866,28
GO:0016042,lipid catabolic process,40/1244,227/12061,0.1762114537444934,1.708429536665864,3.6540478936465894,4.941802637569007e-4,0.012387714495432162,0.010380090275849747,LPIN2/ACAA2/GALC/NUDT8/CYP1B1/MTLN/PRKCE/AIG1/MFSD2A/PLCB2/CPS1/PLA2G4A/LIPE/ADTRP/ENPP2/CYP1A2/HCAR1/PLAAT4/HSD17B14/TNF/ABHD1/ECHDC2/SPHK1/SPP1/PLA1A/DAGLA/CRTC3/ACACB/IRS1/SMPD1/SRD5A3/PLCXD2/PLD6/ACADS/LCT/AUH/PCK2/HSD17B11/SESN2/FMC1,40,Module 2,lipid catabolic process,GO:0016042,lipid catabolic process,1.9070088125570346,340
GO:0018108,peptidyl-tyrosine phosphorylation,35/1244,182/12061,0.19230769230769232,1.8644880039574574,3.985062648251613,2.011288464178196e-4,0.006262420899827565,0.00524749697044988,SOCS3/OSM/SAMSN1/CD80/JAK3/NEDD9/DLG3/DMTN/IL15/CD44/PRKCE/CBLB/LIF/IL9/PRLR/IL13/ENPP2/TNFRSF18/CD36/IL6/TNF/IL5/TNFRSF1A/LYN/IL11/PDGFRA/ACVR1/SOCS1/MVP/CSF1R/ZAP70/CCL5/FGFR4/SEMA4D/UNC119,35,Module 2,peptidyl-tyrosine phosphorylation,GO:0018212,peptidyl-tyrosine modification,2.203257746631342,269
GO:1901616,organic hydroxy compound catabolic process,8/1244,24/12061,0.3333333333333333,3.2317792068595925,3.7113178193763843,0.0020314832467885884,0.03335945948065507,0.02795303371662596,FAH/COMT/MAOA/GK/SULT1A2/PDE1B/SRD5A3/LCT,8,Module 2,organic hydroxy compound catabolic process,GO:0018958,phenol-containing compound metabolic process,1.4767809947990058,57
GO:0019221,cytokine-mediated signaling pathway,70/1244,350/12061,0.2,1.9390675241157558,6.045946258224453,3.299813098940583e-8,1.0548402539613397e-5,8.83886778853067e-6,IFITM1/STAT5A/TYK2/OSM/JAK3/PIK3R1/FAS/COMMD7/IL10RA/IFITM2/UGCG/STAT5B/IL15/CD44/STING1/STAT3/SIGIRR/TNFRSF4/IKBKE/IL17REL/IL7R/IL2RA/MST1R/NFKBIZ/OAS2/IL1R1/CARD16/STAT4/SMIM30/PRLR/ACKR3/IL12RB1/TNFRSF18/IL1RL1/EBI3/PADI2/IL6/EDN2/CXCL3/SLIT3/INHBA/GPR35/CCR10/IRAK2/YAP1/TNF/IL1RN/IL5/IL18RAP/TNFRSF1A/PRKN/CCR6/SPHK1/IL1R2/LYN/IL17F/CCL3/IL11/PPBP/IRS1/IRF1/SOCS1/IL12RB2/CSF1R/CCL5/MIB2/NKIRAS1/AIM2/IL4R/BIRC3,70,Module 2,cytokine-mediated signaling pathway,GO:0019221,cytokine-mediated signaling pathway,4.97681330536731,526
GO:0030198,extracellular matrix organization,38/1244,188/12061,0.20212765957446807,1.9596959020318807,4.497412890095925,3.567458748768861e-5,0.00178187132295278,0.001493091013602055,EMILIN1/CYP1B1/DPP4/FURIN/MATN4/COLGALT2/COL4A2/APLP1/KAZALD1/FKBP10/COL1A1/ADTRP/LAMA2/COL15A1/NID2/LOXL1/LAMA1/IL6/RXFP1/ELF3/ADAMTS9/APBB2/COL1A2/SERPINH1/TNF/TNFRSF1A/COL5A2/PHLDB1/LAMB2/COL18A1/COL16A1/PDGFRA/NOXO1/LAMB1/NFKB2/B4GALT1/CFLAR/FGFR4,38,Module 2,extracellular matrix organization,GO:0030198,extracellular matrix organization,4.852627104541405,332
GO:0040017,positive regulation of locomotion,71/1244,419/12061,0.16945107398568018,1.642885372460843,4.54210518853558,1.586121846347515e-5,0.0010007176648995177,8.38535607688153e-4,STAT5A/CTSH/PRKCA/PIK3R1/NEDD9/RAPGEF2/FAT1/BCL6/DMTN/RRAS2/FN1/RHOC/STAT3/CYP1B1/BCAS3/NR4A3/SPN/STX3/ZNF580/IQSEC1/PRKCE/FERMT2/ZP3/IL1R1/CD274/SLAMF1/GCNT2/ITGA3/PTGS2/COL1A1/ENPP2/ACVR1B/ACKR3/TNFRSF18/SEMA4A/PLAU/IL6/EDN2/DSCAM/TNFAIP6/ITGAX/CLDN7/ADGRA2/ZNF703/TGFBR2/TNF/CARMIL1/INSL3/LAMC2/CCR6/SPHK1/CLDN4/LYN/CCL3/PGF/TJP1/PDGFRA/DAPK2/VEGFC/LAMB1/FUT7/NCKAP1L/ACVR1/CSF1R/ETS1/PIK3CD/CORO1A/FERMT3/CCL5/LGALS3/SEMA4D,71,Module 2,positive regulation of locomotion,GO:0030335,positive regulation of cell migration,4.128208457295787,621
GO:0031338,regulation of vesicle fusion,8/1244,20/12061,0.4,3.8781350482315116,4.368429356454821,5.063591326600008e-4,0.012387714495432162,0.010380090275849747,SYT4/SLAMF1/ERC2/SPHK1/GRIK5/CPLX1/CORO1A/TBC1D4,8,Module 2,regulation of vesicle fusion,GO:0031338,regulation of vesicle fusion,1.9070088125570346,23
GO:0032103,positive regulation of response to external stimulus,67/1244,440/12061,0.15227272727272728,1.476335501315405,3.4518186237909987,6.786396498914459e-4,0.015373237584558618,0.012881762331433014,PRKCA/OSM/PIK3R1/NEDD9/MAPK13/RNF34/EMILIN1/STAT5B/PTGER3/IL15/STING1/TLR1/TNFSF4/STX3/ZNF580/NLRC3/IKBKE/PRKCE/ZP3/NFKBIZ/CD274/COLEC10/SLAMF1/CLNK/TLR7/PYHIN1/PVR/PTGS2/GBP5/EMILIN2/IL1RL1/CARD9/LY96/CD36/TRAF3IP3/PLAU/IL6/EDN2/DSCAM/IRAK2/TNF/IL18RAP/TNFRSF1A/PYDC5/PIK3AP1/GHRL/CCR6/LYN/IL17F/CCL3/PGF/PDGFRA/DAPK2/VEGFC/NCKAP1L/IRF1/ALPK1/CSF1R/ETS1/CYBA/CCL5/RASGRP1/AIM2/TRIM3/NLRX1/BIRC3/ATAT1,67,Module 2,positive regulation of response to external stimulus,GO:0032102,negative regulation of response to external stimulus,1.813234660994703,640
GO:0032944,regulation of mononuclear cell proliferation,45/1244,185/12061,0.24324324324324326,2.358325367167811,6.3137155277641455,2.7954703979126404e-8,9.574486112850794e-6,8.022789856265073e-6,CD55/TWSG1/TYK2/CD80/RASSF5/GPR183/STAT5B/BCL2L1/BCL6/IL15/SASH3/RASAL3/SPN/TNFSF4/TNFRSF4/ZP3/MZB1/IL2RA/CBLB/MAD1L1/CD274/SLAMF1/CD40LG/SDC4/CARD11/CD22/PRLR/IL13/IL12RB1/CTLA4/EBI3/IL6/TGFBR2/IL5/PDCD1LG2/LYN/FOXP3/NCKAP1L/IRF1/CORO1A/ZAP70/CCL5/TNFRSF9/LGALS3/HLA-DMB,45,Module 2,regulation of mononuclear cell proliferation,GO:0032944,regulation of mononuclear cell proliferation,5.018884526429041,241
GO:0033559,unsaturated fatty acid metabolic process,19/1244,71/12061,0.2676056338028169,2.5945269688872785,4.569638881896228,7.22617091089442e-5,0.0029870249584257537,0.002502930523310708,COMT/GPX1/CYP1B1/FADS3/FADS2/ALOX12B/PLA2G4A/PTGS2/CYP1A2/PTGES/EDN2/AKR1C4/TNFRSF1A/CYP1A1/CYP4Z1/DAGLA/TBXAS1/FADS1/AKR1C2,19,Module 2,unsaturated fatty acid metabolic process,GO:0033559,unsaturated fatty acid metabolic process,2.524761148583921,115
GO:0021952,central nervous system projection neuron axonogenesis,8/1244,22/12061,0.36363636363636365,3.5255773165741013,4.020751482103114,0.0010651955854652328,0.02124506665439776,0.017801969029106253,KIFBP/PRDM8/ADARB1/SPTBN4/SCN1B/CDH11/EPHB1/DCC,8,Module 2,central nervous system projection neuron axonogenesis,GO:0042063,gliogenesis,1.6727419020142535,29
GO:0042391,regulation of membrane potential,55/1244,263/12061,0.20912547528517111,2.0275420879537367,5.7135196729813345,2.1897041991935092e-7,3.8227667746839835e-5,3.203227216721095e-5,DMD/NLGN1/BIN1/PRKAR1B/BCL2L1/SLC9A1/GLRX/SMAD7/SCN11A/KCNH4/MTLN/SLC4A11/CACNA1D/CNTNAP1/NTRK2/ATP1B2/ABAT/ABCC9/POPDC3/CD36/CHRNA4/RYR2/KCNH8/KCND2/FHL1/RIMS2/GNA15/GPR35/KCNK5/GABBR1/HTR3B/PIEZO2/NRCAM/P2RX1/TNF/ADORA2A/PRKN/HCN4/KCNK12/GHRL/GRIK5/SCN1B/CACNA1G/STX1B/UNC13B/SCN8A/CACNA2D1/MAPK8IP2/ATP5IF1/NPR2/RNF122/PTPN3/GRIN2D/RANGRF/ATP1B3,55,Module 2,regulation of membrane potential,GO:0042391,regulation of membrane potential,4.4176221972876695,446
GO:0042402,cellular biogenic amine catabolic process,5/1244,10/12061,0.5,4.847668810289389,4.12778025121754,0.0018711654264829234,0.03199270294526451,0.02680778160190432,COMT/MAOA/PDE1B/DMGDH/SAT1,5,Module 2,cellular biogenic amine catabolic process,GO:0042402,cellular biogenic amine catabolic process,1.4949490664296874,19
GO:0035025,positive regulation of Rho protein signal transduction,9/1244,28/12061,0.32142857142857145,3.116358520900322,3.80199663043668,0.0014400987921588696,0.0261563398045522,0.021917293021014375,AKAP13/P2RY10/ARHGEF3/GPR55/GPR18/GPR35/GPR65/LPAR6/SEMA4D,9,Module 2,positive regulation of Rho protein signal transduction,GO:0043410,positive regulation of MAPK cascade,1.6175741137161934,39
GO:0045055,regulated exocytosis,42/1244,169/12061,0.2485207100591716,2.409492189729637,6.257617382080821,4.1991083152632755e-8,1.1843955512757297e-5,9.924455999603666e-6,RAB11FIP1/NLGN1/CASK/SYNGR3/SYT4/SCAMP5/NR4A3/HYAL3/STX3/SCN11A/ZP3/GAB2/S100A13/CLNK/OTOF/ABCA12/ITGAM/IL13/ERC2/RIMS2/RAB26/P2RX1/CADPS2/RPH3AL/FCER1A/SYN1/GRIK5/LYN/CCL3/STX1B/PRAM1/SYT5/UNC13B/UNC13A/NCKAP1L/CPLX1/UNC13D/PIK3CD/CORO1A/RAB3D/RASGRP1/IL4R,42,Module 2,regulated exocytosis,GO:0045055,regulated exocytosis,4.926503232539097,225
GO:1902105,regulation of leukocyte differentiation,45/1244,249/12061,0.18072289156626506,1.7521694495021887,4.067092721415646,1.2479829572510534e-4,0.004567135184735309,0.0038269590033773496,PRKCA/CD80/JAK3/PIK3R1/NEDD9/STAT5B/BCL6/IL15/SASH3/SMAD7/TNFSF4/WNT10B/IL7R/IL2RA/NFKBIZ/KLHL25/LIF/GPR55/RHOH/CARD11/IL12RB1/CTLA4/NFAM1/FBN1/TNFAIP6/INHBA/TGFBR2/TNF/IL5/PGLYRP3/LYN/CCL3/HLX/EGR3/FOXP3/TESC/NCKAP1L/HLA-DOA/IRF1/SOCS1/BATF/ZAP70/RASGRP1/IL4R/ZMIZ1,45,Module 2,regulation of leukocyte differentiation,GO:0045165,cell fate commitment,2.3403561333205927,328
GO:0046631,alpha-beta T cell activation,44/1244,155/12061,0.2838709677419355,2.752224872938492,7.44565964768664,2.203278706494455e-10,2.820579576516963e-7,2.3634602367741065e-7,CD55/TWSG1/TYK2/SOCS3/CD80/JAK3/GPR183/BCL6/IL15/SASH3/RASAL3/STAT3/SPN/SMAD7/TNFSF4/IL2RA/CBLB/NFKBIZ/CD3G/KLHL25/CD274/CD3D/STAT4/CARD11/GPR18/IL12RB1/EBI3/SEMA4A/IL6/TGFBR2/ADORA2A/HLX/FUT7/FOXP3/RORC/NCKAP1L/IRF1/SOCS1/BATF/ZAP70/CD247/TRBC2/STOML2/IL4R,44,Module 2,alpha-beta T cell activation,GO:0046631,alpha-beta T cell activation,6.549661643091685,181
GO:0048514,blood vessel morphogenesis,77/1244,444/12061,0.17342342342342343,1.68139864140668,4.9610794586505556,2.879231760854167e-6,2.7070424104501433e-4,2.2683235564871734e-4,MAP2K5/CTSH/PRKCA/MTDH/PRKX/RAPGEF2/EMILIN1/GPX1/VASH1/WARS1/FN1/STAT3/CYP1B1/BCAS3/SMAD7/SH2D2A/ADM2/COL4A2/NR4A1/STRA6/STARD13/FKBP10/TNFSF12/PTPRM/PTGS2/ADTRP/GATA6/EMILIN2/NTRK2/COL15A1/ACKR3/SEMA4A/HSPG2/SPRED1/LAMA1/CALD1/IL6/EDN2/ARHGAP22/ITGAX/LRG1/ADGRA2/ADAMTS9/TGFBR2/NRCAM/YAP1/ADGRB1/TNF/ANG/HEY1/GHRL/SPHK1/NOTCH3/IL17F/EPHB1/PGF/TJP1/ACVRL1/COL18A1/PDGFRA/VEGFC/EGR3/HSPB6/ACVR1/ETS1/ATP5IF1/PIK3CD/PPP1R16B/NPR2/HTATIP2/B4GALT1/PKD2/ETV2/ZMIZ1/HK2/KLF5/SAT1,77,Module 2,blood vessel morphogenesis,GO:0048514,blood vessel morphogenesis,6.351932637007042,715
GO:0060560,developmental growth involved in morphogenesis,30/1244,170/12061,0.17647058823529413,1.7109419330433138,3.165773439299947,0.0023123980665917354,0.037333160704738626,0.031282734078258566,RDH10/EIF2AK4/SYT4/MACF1/FN1/CYFIP2/CDH1/ULK2/SEMA4A/FSTL4/EDN2/SIX4/RIMS2/SLIT3/DSCAM/TGFBR2/NRCAM/YAP1/OLFM1/PRKN/SPP1/SPAG6/LAMB2/DCC/UNC13A/MESP1/NPR2/TTL/SEMA4D/VCL,30,Module 2,developmental growth involved in morphogenesis,GO:0048589,developmental growth,1.8965761910108823,243
GO:0030855,epithelial cell differentiation,73/1244,458/12061,0.15938864628820962,1.5453267386512026,4.034918944272852,9.619253620256484e-5,0.003811927364390896,0.003194144503568421,PRKX/ASCL1/ANXA4/RAPGEF2/UGCG/TRIM16/GPX1/STAT5B/TST/FRMD6/FAT1/VIM/TIGAR/WNT10B/SGPP1/SLC4A5/SFN/RILPL1/MAP2K1/NFKBIZ/LIF/CPS1/ABCA12/WHRN/PRLR/IL13/GATA6/ANKRD24/MAF/SPRED1/LAMA1/PDE4D/LBH/CSTA/ZNF703/PLAAT4/TMC1/JAG2/YAP1/BFSP1/TNF/HEY1/TNFRSF1A/ACTL8/PRKCH/UPK1B/OTP/S1PR3/CYP1A1/LAMB2/TJP1/UPK1A/ACVRL1/COL18A1/DMBT1/FOXP3/MESP1/AFDN/ACVR1/IPO7/KRT7/PPP1R16B/NPR2/LGALS3/ATF4/B4GALT1/CFLAR/ETV2/AKR1C2/PCK2/FLNB/KLF5/VCL,73,Module 2,epithelial cell differentiation,GO:0048729,tissue morphogenesis,4.43866166636267,748
GO:0019226,transmission of nerve impulse,14/1244,36/12061,0.3888888888888889,3.7704090746695247,5.645248164148899,6.118089045508401e-6,4.656545551303616e-4,3.9018790119808795e-4,SCN11A/CNTNAP1/NTRK2/OTOA/KCND2/GPR35/CNTNAP2/NRCAM/P2RX1/SPTBN4/GHRL/SCN1B/SCN8A/NPR2,14,Module 2,transmission of nerve impulse,GO:0050890,cognition,3.3319361443287216,73
GO:0050900,leukocyte migration,46/1244,260/12061,0.17692307692307693,1.7153289636408608,3.954244397701681,1.7638056121890722e-4,0.005792772541401781,0.004853962524676055,HSD3B7/PIK3R1/NEDD9/EMILIN1/GPR183/STAT5B/SPN/ZNF580/DPP4/GCNT1/ZP3/PDE4B/IL1R1/SLAMF1/ITGA3/GPR18/ADTRP/TNFRSF18/PADI2/IL6/EDN2/CD9/CXCL3/TNFAIP6/TNF/CCR6/LYN/CCL3/PGF/PPBP/DAPK2/VEGFC/FUT7/SAA1/NCKAP1L/ITGA1/CSF1R/PIK3CD/CORO1A/ZAP70/CCL5/MYO1G/LGALS3/B4GALT1/SELPLG/ST3GAL4,46,Module 2,leukocyte migration,GO:0050900,leukocyte migration,3.278745955465918,396
GO:0051606,detection of stimulus,30/1244,120/12061,0.25,2.4238344051446945,5.315696611003686,3.0941503081029e-6,2.799330325915737e-4,2.3456547618726448e-4,COMT/TLR1/SCN11A/ANO3/NR4A1/PLCB2/PGLYRP4/RTP4/WHRN/LY96/RYR2/PLEKHB1/ROM1/ATP8A2/TMC1/PIEZO2/YAP1/TNF/CST4/PRDM12/PGLYRP3/CACNA1F/EPHB1/ABCA4/BEST1/GRK7/GNGT2/PKD2/UNC119/TMEM107,30,Module 2,detection of stimulus,GO:0051606,detection of stimulus,3.5529458509951057,674
GO:0010721,negative regulation of cell development,33/1244,180/12061,0.18333333333333332,1.7774785637727761,3.563925422523964,7.338820615674332e-4,0.015995293114617466,0.013403003966521018,JAK3/PIK3R1/SYT4/RAPGEF2/BCL6/SMAD7/TNFSF4/RFLNB/GPR55/CDH1/CTLA4/ULK2/SEMA4A/FSTL4/IL6/FBN1/DLL3/TNFAIP6/INHBA/TNF/S1PR3/PGLYRP3/SPP1/LYN/CCL3/DCC/HLX/FOXP3/IRF1/SOCS1/NPR2/SEMA4D/IL4R,33,Module 2,negative regulation of cell development,GO:0051960,regulation of nervous system development,1.79600779703692,288
GO:1902307,positive regulation of sodium ion transmembrane transport,7/1244,11/12061,0.6363636363636364,6.169760304004677,5.817061506781564,2.7728922081679907e-5,0.0014964652675735917,0.0012539395041607814,DMD/SLC9A1/ATP1B2/FXYD2/SCN1B/TESC/ATP1B3,7,Module 2,positive regulation of sodium ion transmembrane transport,GO:0071805,potassium ion transmembrane transport,2.8249333585272174,18
GO:0086003,cardiac muscle cell contraction,14/1244,46/12061,0.30434782608695654,2.950754928002237,4.495211914718593,1.439044725427312e-4,0.0049287281845885435,0.004129950163124849,BIN1/SLC9A1/SCN11A/PDE4B/CACNA1D/ABCC9/RYR2/PDE4D/HCN4/SCN1B/CACNA1G/SCN8A/CACNA2D1/RANGRF,14,Module 2,cardiac muscle cell contraction,GO:0086003,cardiac muscle cell contraction,2.307265132177667,83
GO:0010631,epithelial cell migration,42/1244,232/12061,0.1810344827586207,1.7551904313116753,3.9387361073122005,1.991298529916591e-4,0.006240703562712453,0.005229299269825681,STAT5A/MAP2K5/CTSH/PRKCA/GIPC1/PTP4A3/PRKX/GPX1/MACF1/VASH1/CYP1B1/BCAS3/ZNF580/IQSEC1/DPP4/PRKCE/NR4A1/STARD13/TNFSF12/PTPRM/ITGA3/PTGS2/ADTRP/ENPP2/SEMA4A/SPRED1/PLEKHG5/EDN2/LRG1/ADGRA2/ADAMTS9/TGFBR2/ADGRB1/TNF/INSL3/DNAJA4/ACVRL1/VEGFC/EGR3/ETS1/PIK3CD/CORO1A,42,Module 2,epithelial cell migration,GO:0090132,epithelium migration,2.2047664461862704,375
GO:0120039,plasma membrane bounded cell projection morphogenesis,77/1244,477/12061,0.16142557651991615,1.5650754649571614,4.2703826834746526,4.02151463741532e-5,0.0019329538632732535,0.0016196882489685545,NLGN1/EIF2AK4/SYT4/RAPGEF2/MACF1/CD44/UST/FN1/KIFBP/PRDM8/CYFIP2/SCN11A/MAP1A/MAP2K1/APLP1/ADARB1/MFSD2A/MYO16/PTPRM/CDH1/NKX2-8/CNTNAP1/DSCAML1/ENPP2/ROBO3/NTRK2/LAMA2/ULK2/CHODL/SEMA4A/FSTL4/HMCN2/EDN2/RIMS2/SLIT3/DSCAM/ATP8A2/GAS7/CNTNAP2/APBB2/NRCAM/ADGRB1/SPTBN4/ADORA2A/OLFM1/PRKN/GRIP1/PLXNB3/NOTCH3/SPP1/SCN1B/CDH11/EPHB1/SPAG6/GAP43/LAMB2/DCC/PLXNA2/UNC13A/NCKAP1L/TIAM2/FOXD1/MAPK8IP2/APBB1/CRPPA/ITGA1/CSF1R/NPR2/NEO1/DNM3/ITPKA/PGRMC1/TTL/SEMA4D/TUBB3/TAOK3/VCL,77,Module 2,plasma membrane bounded cell projection morphogenesis,GO:0097485,neuron projection guidance,2.8263699487853775,663
GO:0099536,synaptic signaling,83/1244,479/12061,0.1732776617954071,1.6799854332109367,5.149985602277884,1.2181066079054301e-6,1.3906717106920328e-4,1.1652914592418614e-4,DMD/NLGN1/CASK/RPS6KA1/COMT/GIPC1/DLG3/PRKAR1B/EIF2AK4/SYT4/RAPGEF2/ITPR1/CACNA1E/STX3/MBP/MAP1A/PRKCE/TPGS1/NR4A1/ADARB1/APBA1/MPZ/MCTP2/OTOF/NRXN2/KCNQ2/NEURL1/PDE9A/CDH1/PTGS2/NTRK2/SYBU/LAMA2/ABAT/CNTNAP4/CHRNA4/SLC4A10/ERC2/PPP1R9A/ACHE/KCND2/RIMS2/GNA15/JPH4/GABBR1/HTR3B/PMCH/PDLIM4/P2RX1/ADGRB1/CADPS2/TNF/CDH8/RPH3AL/ADORA2A/BEGAIN/PRKN/GHRL/SYN1/GRIK5/DGKI/CDH11/EPHB1/FBXO2/DCC/CACNA1G/STX1B/DAGLA/SYT5/UNC13B/EGR3/UNC13A/MAPK8IP2/CPLX1/MYCBPAP/DNM1/NPR2/ATF4/GAD1/ITPKA/SLC17A7/UNC119/GRIN2D,83,Module 2,synaptic signaling,GO:0099537,trans-synaptic signaling,4.329912346957116,789
GO:0098659,inorganic cation import across plasma membrane,17/1244,74/12061,0.22972972972972974,2.2273072912140437,3.5912393470146102,0.0011646822280313427,0.02260992422433315,0.018945629935630235,SLC9A1/CACNA1E/CACNA1D/ATP1B2/ABCC9/KCNJ12/KCNJ18/KCNK5/KCNJ16/P2RX1/FXYD2/HCN4/CACNA1F/CACNA1G/CACNA2D1/SLC39A11/ATP1B3,17,Module 2,inorganic cation import across plasma membrane,GO:0099587,inorganic ion import across plasma membrane,1.6457008931614567,126
GO:0120254,olefinic compound metabolic process,19/1244,82/12061,0.23170731707317074,2.2464806681828877,3.840719764565489,5.474783185087282e-4,0.013026233233348204,0.010915126996693945,RDH10/DHRS7/GPX1/STAT5B/CYP1B1/FADS2/ALOX12B/PLA2G4A/LIPE/PTGS2/CYP1A2/AKR1C4/CYP1A1/ABCA4/CYP4Z1/DAGLA/TBXAS1/FADS1/AKR1C2,19,Module 2,olefinic compound metabolic process,GO:0120254,olefinic compound metabolic process,1.8851811500948932,162
GO:0060349,bone morphogenesis,14/561,68/12061,0.20588235294117646,4.426287092377057,6.257782350345106,2.2772401860422456e-6,0.00866034442751866,0.008619953377903068,MEF2C/IFT80/INSIG1/TFAP2A/TGFB3/MSX1/FOXC1/LRP5/SCX/MSX2/OSR2/COL27A1/SP5/FOSL2,14,Module 3,bone morphogenesis,GO:0001501,skeletal system development,2.0624648354657684,99
GO:0060021,roof of mouth development,12/561,59/12061,0.2033898305084746,4.372700081573462,5.735655812024347,1.3744577047301365e-5,0.026135313255443545,0.026013420558997743,TIPARP/TSHZ1/INSIG1/TFAP2A/ASPH/ITGB8/TBC1D32/TGFB3/MSX1/OSR2/CDK20/FZD2,12,Module 3,roof of mouth development,GO:0060021,roof of mouth development,1.5827722901216068,91
GO:0071805,potassium ion transmembrane transport,20/551,117/12061,0.17094017094017094,3.741759349744831,6.520173587529929,2.9904511670793514e-7,0.001171359722144982,0.0011332236001563858,KCNK9/SLC1A3/OPRK1/KCNMB4/AKAP6/CAV1/ATP12A/SNAP25/NOS1AP/DPP10/ATP4A/SLC9A7/ANK2/SLC12A4/SLC9A5/KCNC4/ANK3/KCNJ2/SLC9A3/KCNJ3,20,Module 4,potassium ion transmembrane transport,GO:0071805,potassium ion transmembrane transport,2.9313097135084325,217
GO:0001776,leukocyte homeostasis,17/899,92/12061,0.18478260869565216,2.4790467669391107,4.0413771098581694,3.99777301348318e-4,0.020648962471967774,0.01879980895691846,TSC22D3/ADA/LGALS9/P2RX7/GPR174/BCL2L11/SH2B2/SPNS2/JAM3/LAT/XKR8/GCNT4/CCR2/TRAF3IP2/SH2B3/DOCK11/BTK,17,Module 5,leukocyte homeostasis,GO:0001659,temperature homeostasis,1.6851017650254625,108
GO:0001819,positive regulation of cytokine production,52/899,360/12061,0.14444444444444443,1.9378692374242985,5.12701446119263,2.7407746580763463e-6,7.750033044513845e-4,7.056002975668189e-4,POU2F2/CD6/PTPRC/LGALS9/IL16/FERMT1/SEMA7A/PRKCZ/IL23A/NMB/PRKCQ/CD244/SERPINE1/P2RX7/RSAD2/CASP1/IL17D/RGCC/LTA/CD28/ZCCHC3/CARD8/CD3E/TSC22D1/IL27RA/AFAP1L2/POU2AF1/PIK3CG/XCL1/OAS3/SLAMF6/CD84/PTAFR/OAS1/F2RL1/INAVA/C5AR1/WNT11/CLEC7A/IL27/FGR/KLRK1/HAVCR2/CCR2/PLCG2/CSF2/LY9/FLT4/IFNGR1/PTPN22/GPSM3/BTK,52,Module 5,positive regulation of cytokine production,GO:0001819,positive regulation of cytokine production,4.4176221972876695,500
GO:0001906,cell killing,24/899,125/12061,0.192,2.5758754171301446,5.026086665457054,1.4400413491422213e-5,0.002369134693662869,0.002156974215752208,GBP1/PTPRC/LGALS9/PRF1/IL23A/GZMM/P2RX7/CEACAM1/GZMA/GNLY/XCL1/NKG7/SLAMF6/NCR3/STAP1/GBP3/F2RL1/CLEC7A/KLRK1/HAVCR2/RAET1E/APOL1/TAP2/VAV1,24,Module 5,cell killing,GO:0001906,cell killing,2.6254102474023395,226
GO:0002250,adaptive immune response,71/899,374/12061,0.18983957219251338,2.5468910792145762,8.624352613599797,1.1968901501669245e-13,5.316586047041479e-10,4.840475744148762e-10,LEF1/CD6/ADA/PTPRC/PRF1/RAP1GAP/PRKCZ/IL23A/GZMM/PRKCQ/CSF2RB/LAX1/CD244/TRGV5/EOMES/P2RX7/SUSD4/IGLL1/CEACAM1/RSAD2/NCR3LG1/FCAMR/ADCY7/TRGV8/LTA/CD28/SWAP70/FYN/CD3E/IL27RA/SLA2/TRBC1/PIK3CG/XCL1/TRBV13/ARG2/CD7/FCMR/TRAV8-6/SLAMF6/CD79A/LAIR1/CD84/TRAT1/CD79B/JAM3/TRAV20/LAT/TRPM4/TRBJ1-2/CD8B2/CLEC7A/PTK2B/TRAV18/IL27/TRGC2/KLRK1/TRAV19/HAVCR2/CCR2/RAP1GAP2/RAET1E/TRAF3IP2/TRBJ1-4/LY9/TAP2/TRAC/TRBJ2-3/BTK/INPP5D/RNF125,71,Module 5,adaptive immune response,GO:0002250,adaptive immune response,9.274367152829374,767
GO:0006968,cellular defense response,12/899,34/12061,0.35294117647058826,4.7350651050186485,6.189299091228405,3.2239158562492544e-6,8.423902490270111e-4,7.669526142235068e-4,PRF1/LGALS3BP/KIR3DL2/GNLY/NCR2/FCMR/TRAT1/C5AR1/PTK2B/CCR2/CD300C/NCF2,12,Module 5,cellular defense response,GO:0002526,acute inflammatory response,3.074486668909787,52
GO:0099633,protein localization to postsynaptic specialization membrane,6/899,17/12061,0.35294117647058826,4.7350651050186485,4.373405575173802,0.0010209170411475917,0.038675857226114364,0.03521236130304779,PRKCZ/IQSEC2/DLG4/GPC4/NPTX1/RAP1A,6,Module 5,protein localization to postsynaptic specialization membrane,GO:0006607,NLS-bearing protein import into nucleus,1.4125600516571557,25
GO:0031589,cell-substrate adhesion,37/899,260/12061,0.1423076923076923,1.909202532728673,4.206010924157975,1.020589392877153e-4,0.009149499169041841,0.008330144270589056,RELL2/SPOCK2/GBP1/ITGB7/TIAM1/CAMSAP3/L1CAM/FERMT1/PRKCZ/SPRY4/FBLN5/CASS4/SERPINE1/KANK1/THY1/TECTA/JUP/PARVG/ZYX/TRIP6/CD3E/BCL2L11/EPB41L5/EPHA1/PKP2/HOXA7/ITGA6/JAM3/ITGAD/PTK2B/ITGA5/RADIL/FUT1/LIMS2/S100A10/ARL2/LYPD3,37,Module 5,cell-substrate adhesion,GO:0007156,homophilic cell adhesion via plasma membrane adhesion molecules,2.4070628041143873,359
GO:0007169,transmembrane receptor protein tyrosine kinase signaling pathway,54/899,442/12061,0.12217194570135746,1.6390609978910704,3.8846470211601694,2.032434381247574e-4,0.01285491754495371,0.011703735445795433,BLK/TIAM1/IGFBP2/EPHB6/UBASH3B/NIBAN2/PRKCZ/FUZ/PRKCQ/SPRY4/HBEGF/CASS4/KANK1/SHISA2/ERFE/SMPD3/CEACAM1/COL6A1/FYN/NHERF1/CD3E/PTPN12/AFAP1L2/BAIAP2/LCK/IGFBP6/MYORG/SH2B2/CD7/STAP1/EPHA1/HHIP/TRAT1/NOG/PLAUR/EPHA2/KALRN/PDE6G/FASLG/PTK2B/FGR/FGF20/ITGA5/NRP2/MMP9/FGF19/CSPG4/BCAR1/FLT4/SH2B3/DOK4/PAK3/VAV1/WASF1,54,Module 5,transmembrane receptor protein tyrosine kinase signaling pathway,GO:0007169,transmembrane receptor protein tyrosine kinase signaling pathway,3.9565410704003297,641
GO:0007186,G protein-coupled receptor signaling pathway,52/899,434/12061,0.11981566820276497,1.6074491370339803,3.6576608903305448,4.2525700689145633e-4,0.021224624995638753,0.0193239198164042,PDE3B/INPP5A/RGS16/ADA/PIK3R5/ARRB1/SORCS1/NMB/RGS3/CXCR3/CCR8/ADCY7/NHERF1/CD3E/PIK3CG/XCL1/GRK1/SUCNR1/PTGER2/GPR158/ADRB1/LPAR5/RGS8/PTAFR/F2RL1/F2RL3/SPNS2/C5AR1/C5AR2/CCRL2/PDE6G/VIPR1/GPR25/CCL20/APLNR/PTK2B/XCL2/GPR176/CYSLTR1/CNR2/CCR2/TAFA5/GUCY2D/BCAR1/RGS6/GRPR/SH2B3/GPR68/VAV1/DGKA/GNAT2/UTS2R,52,Module 5,G protein-coupled receptor signaling pathway,GO:0007186,G protein-coupled receptor signaling pathway,3.6478406487165156,1314
GO:0009617,response to bacterium,57/899,408/12061,0.13970588235294118,1.8742966040698816,5.098618183693989,2.661504017829297e-6,7.750033044513845e-4,7.056002975668189e-4,GBP1/CD6/LGALS9/IL23A/GBP4/CSF2RB/SERPINE1/P2RX7/NCR3LG1/CASP1/GZMA/TMEM229B/COL6A1/IRGM/LTA/CARD8/IL27RA/GNLY/OAS3/ARG2/PTGER2/STAP1/GBP3/PTAFR/OAS1/F2RL1/INAVA/EPHA2/C5AR1/SLAMF8/TRAV20/FASLG/PLAC8/CCL20/CMPK2/TNFSF8/IL27/FGR/KLRK1/RNASE6/NUGGC/HAVCR2/CNR2/PPM1E/PLCG2/FER1L6/CSF2/MMP9/ASS1/PTPN22/TAP2/CA5B/TRAC/BTK/BNIP3/SLC22A5/NR1H3,57,Module 5,response to bacterium,GO:0009617,response to bacterium,3.1106964457492476,738
GO:0071346,cellular response to type II interferon,16/899,79/12061,0.20253164556962025,2.7171681615296883,4.3455445459198865,1.9769008052052434e-4,0.012726657067712598,0.01158696093607711,GBP1/LGALS9/GBP4/PARP9/CASP1/IRGM/ZYX/XCL1/GBP3/FASLG/CCL20/RAB43/XCL2/ASS1/IFNGR1/NR1H3,16,Module 5,cellular response to type II interferon,GO:0019221,cytokine-mediated signaling pathway,1.8952856582241693,120
GO:0060326,cell chemotaxis,37/899,199/12061,0.18592964824120603,2.4944354698967586,6.0326375894302435,1.761343607313663e-7,1.303981383947882e-4,1.18720739285949e-4,LEF1/TIAM1/JAML/LGALS9/IL16/SCG2/IL23A/PRKCQ/CXCR3/HBEGF/CCR8/SERPINE1/SWAP70/PIK3CG/XCL1/MPP1/STAP1/F2RL1/EPHA2/C5AR1/SLAMF8/JAM3/C5AR2/CCRL2/TRPM4/CCL20/PTK2B/XCL2/BIN2/KLRK1/CNR2/CCR2/TRPM2/BCAR1/GPSM3/VAV1/RIN3,37,Module 5,cell chemotaxis,GO:0030335,positive regulation of cell migration,3.8847286086857094,322
GO:0032102,negative regulation of response to external stimulus,39/899,282/12061,0.13829787234042554,1.8554067166828392,4.125014599559878,1.248960076591419e-4,0.010025268941561742,0.009127487209052397,ADA/CD200R1/PTPRC/LGALS9/UBASH3B/SLIT1/SEMA7A/CST7/C1QTNF1/SERPINE1/SUSD4/CEACAM1/IRGM/FYN/CARD8/OAS3/ARG2/STAP1/OAS1/PLAUR/SEMA3F/SLAMF8/C5AR2/RTN4RL1/RTN4R/CTNNA2/FGL2/FGR/KLRK1/HAVCR2/TAFA5/BACE1/KRT1/SLC39A8/CYLD/MFHAS1/SH2B3/RIN3/NR1H3,39,Module 5,negative regulation of response to external stimulus,GO:0032102,negative regulation of response to external stimulus,1.998903968007576,456
GO:0070232,regulation of T cell apoptotic process,9/899,29/12061,0.3103448275862069,4.1635917302750185,4.8405310425105625,1.7482471725997507e-4,0.012284244165940634,0.01118416694365836,TSC22D3/ADA/LGALS9/PRKCQ/P2RX7/BCL2L11/ARG2/BCL11B/DOCK8,9,Module 5,regulation of T cell apoptotic process,GO:0033033,negative regulation of myeloid cell apoptotic process,1.910651559953909,39
GO:0006525,arginine metabolic process,6/899,13/12061,0.46153846153846156,6.192008214255155,5.315352343656643,1.8343151660068195e-4,0.012345496920306502,0.011239934398402233,ARG2/CLN3/SLC7A7/ASS1/DDAH1/SLC39A8,6,Module 5,arginine metabolic process,GO:0033559,unsaturated fatty acid metabolic process,1.9084914245328828,19
GO:0007204,positive regulation of cytosolic calcium ion concentration,20/899,96/12061,0.20833333333333334,2.7950037078235077,5.0110311878858145,2.136580254044188e-5,0.0031635631628214277,0.0028802601179079897,P2RX5/NMB/CXCR3/C1QTNF1/CCR8/P2RX7/SWAP70/DLG4/PIK3CG/PTGER2/F2RL1/C5AR1/C5AR2/CD52/CCRL2/TRPM4/PTK2B/CYSLTR1/CCR2/GNAT2,20,Module 5,positive regulation of cytosolic calcium ion concentration,GO:0042391,regulation of membrane potential,2.4998234901155443,169
GO:0043087,regulation of GTPase activity,40/899,224/12061,0.17857142857142858,2.3957174638487206,5.98388431270976,1.7436449124624835e-7,1.303981383947882e-4,1.18720739285949e-4,STMN3/TIAM1/RGS16/ARHGAP29/RAP1GAP/THY1/RGL4/RASGRF1/PLXND1/TBC1D10C/XCL1/RASGEF1A/ARHGAP9/EPHA1/ADRB1/RGS8/RASA4/TBC1D30/FGD5/ITGA6/F2RL1/EPHA2/AGAP9/RASGRP2/CCL20/RTN4R/WNT11/RASGEF1B/XCL2/KLRK1/TBC1D8/RASIP1/RGS6/RAP1A/S100A10/ARL2/DOCK11/DOCK8/VAV1/MAPRE2,40,Module 5,regulation of GTPase activity,GO:0043087,regulation of GTPase activity,3.8847286086857094,298
GO:0019722,calcium-mediated signaling,28/899,154/12061,0.18181818181818182,2.4392759631914247,5.101357347989108,8.514355194052392e-6,0.0017191257169082146,0.0015651747682080997,GBP1/P2RX5/ADA/PTPRC/CXCR3/NR5A2/CCR8/P2RX7/IRGM/TBC1D10C/CD3E/SLA2/NFATC1/TRAT1/LAT/CCRL2/TRPM4/CCL20/CLEC7A/RASA3/CCR2/SLC8A2/PLCG2/TRPM2/RCAN3/TPCN1/NFATC3/BTK,28,Module 5,calcium-mediated signaling,GO:0043410,positive regulation of MAPK cascade,2.764692362892277,232
GO:0043299,leukocyte degranulation,13/899,57/12061,0.22807017543859648,3.0597935327752084,4.4236485452534735,2.2578831365823148e-4,0.013372689190264856,0.012175139664209477,LGALS9/CEACAM1/PIK3CG/NKG7/CD84/PTAFR/F2RL1/LAT/RAB44/FGR/CCR2/SLC18A2/BTK,13,Module 5,leukocyte degranulation,GO:0045055,regulated exocytosis,2.7218962895544303,79
GO:0045109,intermediate filament organization,8/899,20/12061,0.4,5.366407119021135,5.546135000821452,5.178409839278676e-5,0.006053288554230494,0.005511205153049494,KRT81/KRT86/INA/PKP2/KRT80/KRT83/NEFH/KRT1,8,Module 5,intermediate filament organization,GO:0045109,intermediate filament organization,2.2180086232090233,73
GO:0002521,leukocyte differentiation,56/899,486/12061,0.11522633744855967,1.5458785939567055,3.486070692351785,6.849544793290818e-4,0.030259071095178103,0.02754931423675307,LEF1/ADA/PTPRC/LGALS9/CASP10/TCF7/CBFA2T3/UBASH3B/RASSF2/PRKCZ/IL23A/EOMES/ERFE/EVI2B/CEACAM1/RSAD2/CD28/CD3E/POU2AF1/LCK/NFATC1/HDAC9/USP44/ZBTB16/SLAMF6/CD79A/HOXA7/CD79B/F2RL1/EPHA2/SLAMF8/VSIR/FGL2/TNFSF8/PTK2B/IL27/SH3PXD2A/DLL4/CCR2/TRAF3IP2/PLCG2/CSF2/SOX13/MMP9/TRPM2/LY9/CYLD/BCL11B/DOCK11/PTPN22/GPR68/VAV1/NFATC3/CBFB/BTK/INPP5D,56,Module 5,leukocyte differentiation,GO:0045165,cell fate commitment,2.337537993732689,626
GO:0042110,T cell activation,60/899,451/12061,0.13303769401330376,1.7848360706278716,4.820960870277436,7.096815800409947e-6,0.0015011455135914755,0.0013667151030162916,LEF1/CD5/CD6/JAML/ADA/PTPRC/IGFBP2/LGALS9/TCF7/PRKCZ/IL23A/PRKCQ/LAX1/EOMES/P2RX7/THY1/TSPAN32/CEACAM1/RSAD2/CD28/FYN/CD3E/SLA2/LCK/TRBC1/PIK3CG/XCL1/ARG2/CD7/NKG7/USP44/ZBTB16/SLAMF6/CD84/F2RL1/LAT/TREML2/ILDR2/VSIR/CLEC7A/FGL2/TNFSF8/CEACAM21/IL27/KLRK1/DLL4/HAVCR2/CCR2/TRAF3IP2/SOX13/LY9/LGALS9C/CYLD/BCL11B/PTPN22/DOCK8/VAV1/NFATC3/CBFB/TRAC,60,Module 5,T cell activation,GO:0046631,alpha-beta T cell activation,5.639590028921612,570
GO:0031424,keratinization,7/899,19/12061,0.3684210526315789,4.942743399098413,4.880996464034777,2.836648835351924e-4,0.015556042131645985,0.014162969233816885,KRT81/EVPL/KRT86/KRT80/CNFN/KRT83/KRT1,7,Module 5,keratinization,GO:0048729,tissue morphogenesis,1.8081008892892612,83
GO:0050900,leukocyte migration,42/899,260/12061,0.16153846153846155,2.1672028749893046,5.399531860277658,1.421859671374887e-6,5.263250550206041e-4,4.7919165415985233e-4,ITGB7/JAML/ADA/CD200R1/LGALS9/IL16/SCG2/IL23A/CXCR3/SERPINE1/THY1/SMPD3/SWAP70/FYN/IL27RA/LCK/PIK3CG/XCL1/MPP1/STAP1/HOXA7/PTAFR/ITGA6/F2RL1/SPNS2/C5AR1/SLAMF8/JAM3/C5AR2/TRPM4/CCL20/PTK2B/XCL2/KLRK1/CNR2/CCR2/TRPM2/DOCK8/GPSM3/VAV1/RIN3/CHST2,42,Module 5,leukocyte migration,GO:0050900,leukocyte migration,3.278745955465918,396
GO:0141061,disruption of cell in another organism,10/899,33/12061,0.30303030303030304,4.065459938652375,5.004243062478706,9.573942566780695e-5,0.009149499169041841,0.008330144270589056,GBP1/PRF1/GZMM/GZMA/GNLY/NKG7/GBP3/F2RL1/CLEC7A/APOL1,10,Module 5,NA,NA,NA,NA,NA
GO:0048002,antigen processing and presentation of peptide antigen,10/480,54/12061,0.18518518518518517,4.653163580246913,5.477343602025046,4.489629045768839e-5,0.04157349376447868,0.038526117690167776,HLA-DQA1/CTSV/HLA-DPA1/HLA-B/HLA-C/HLA-F/CD74/MICB/TAPBP/HLA-DMA,10,Module 6,antigen processing and presentation of peptide antigen,GO:0002250,adaptive immune response,1.3811834766033404,72
GO:0034113,heterotypic cell-cell adhesion,9/480,43/12061,0.20930232558139536,5.259156976744186,5.6959086636885745,3.913569989420813e-5,0.04157349376447868,0.038526117690167776,ITGB3/FGG/SKAP1/CD58/ITGAV/NINJ1/CXADR/MYADM/ITGB1,9,Module 6,heterotypic cell-cell adhesion,GO:0007156,homophilic cell adhesion via plasma membrane adhesion molecules,1.4125600516571557,62
GO:0050673,epithelial cell proliferation,29/480,291/12061,0.09965635738831616,2.5040735967926695,5.287478231162249,5.0219809613541625e-6,0.019309516796406755,0.017894111109667203,VASH2/IL12A/NFIB/TGFA/IGFBP4/ITGB3/HGF/DRD2/CDKN2B/FST/CDK6/RUNX2/ZEB2/TP63/CD109/RB1/FGF2/SERPINB1/MDK/FZD7/PTPRK/AR/ESR1/PTCH1/APOE/EFNB2/HYAL1/NEAT1/TGM1,29,Module 6,epithelial cell proliferation,GO:0032944,regulation of mononuclear cell proliferation,2.7013219086111784,482
GO:0003013,circulatory system process,31/480,362/12061,0.0856353591160221,2.1517668047882137,4.529661140484822,4.916925068627181e-5,0.04157349376447868,0.038526117690167776,UTS2B/CTSZ/NCALD/ABCG2/TJP2/ATP1B1/DRD2/GSTM2/FGG/FOXN4/ZEB2/RGS2/NAV2/CXADR/LEPR/F5/AR/SCN3A/KCNIP2/ABCC2/KCNE5/EDNRA/SCN2A/TRDN/APOE/ITGB1/ATP2B4/ABCA2/PTPRJ/SLC15A2/EXT1,31,Module 6,circulatory system process,GO:0050890,cognition,2.326805961401096,611
