ID,Description,setSize,enrichmentScore,NES,pvalue,p.adjust,qvalue,rank,leading_edge,core_enrichment,cell_line,direction,representative_ID,representative_term,minus_log10_padj
GO:0070663,regulation of leukocyte proliferation,200,-0.41218552983085044,-1.8426157127367384,4.1656905628784514e-7,0.0021760759765484853,0.001998134355340987,2775,"tags=34%, list=19%, signal=28%",959/2048/23529/4615/5880/22806/29126/80381/83737/7293/57181/3552/10457/952/6480/23308/8772/3087/5588/8660/3105/1265/3600/7048/3280/9231/6504/3572/1026/259307/941/6385/6654/84433/637/1499/3594/3485/3559/6655/648/8379/7292/868/4763/64926/3115/7784/6777/1880/3659/604/1435/970/5747/3071/5074/6693/5573/1604/598/596/942/5621/7297/57045/4773/83593,HH,Down,GO:0070661,leukocyte proliferation,2.662325945545672
GO:0050865,regulation of cell activation,479,-0.31432577528546435,-1.533516557766607,4.043663689515073e-6,0.0031217083683056364,0.002866440696597602,1713,"tags=21%, list=12%, signal=19%",150372/5588/8660/3105/1050/8877/7107/3600/2177/3575/7048/26276/3280/84034/9231/6504/2335/3572/84959/3707/1026/259307/941/7040/7294/5321/9308/6385/678/6654/84433/2625/50848/2648/6604/1445/64410/26258/399/5359/637/1499/3594/3485/7158/4092/2309/7006/2319/2729/3559/11117/6655/648/8379/7292/7480/868/64926/51571/25/1803/3115/7784/2241/6777/1880/3659/7301/604/970/196528/27/639/3071/5074/4846/6693/5573/4739/1604/64092/3718/596/942/2534/5621/861/3398/6195/7297/57045/4773/5578/56940/83593/56941/9840/55824/7805,HH,Down,GO:0050865,regulation of cell activation,2.5056076714053983
GO:0050777,negative regulation of immune response,139,-0.4407841701231412,-1.8773182519600493,4.951486334614458e-6,0.003344729019032066,0.0030712245501805994,1661,"tags=27%, list=11%, signal=24%",54625/3105/55061/3575/6223/6504/103/259307/941/7040/9474/401397/79132/5468/613/197358/11274/4092/7292/140775/5045/3428/57506/2241/7301/604/25939/3071/55829/6693/1604/64092/2876/3718/2534/966/56940,HH,Down,GO:0050777,negative regulation of immune response,2.4756390618442086
GO:0010952,positive regulation of peptidase activity,131,-0.44530538624652527,-1.8813801410143418,1.2556035956766061e-5,0.005219447562335677,0.004792644008112973,1003,"tags=21%, list=7%, signal=20%",317/637/5468/2149/4137/22900/581/23411/3428/23385/23787/65992/26999/23151/9026/51065/4155/4088/8301/27113/489/6774/8743/10550/2534/1512/5366/7805,HH,Down,GO:0010952,positive regulation of peptidase activity,2.282375461236363
GO:0006029,proteoglycan metabolic process,62,-0.5488226135090536,-2.038277670115121,1.786784524924011e-5,0.00643718904845957,0.0059108085968363425,1613,"tags=32%, list=11%, signal=29%",9394/4669/2135/2132/50515/56548/64131/9953/1499/7358/3425/126792/113189/92370/26035/3073/79586/2990/22856/3074,HH,Down,GO:0006029,proteoglycan metabolic process,2.191303736249749
GO:0009152,purine ribonucleotide biosynthetic process,182,0.40292354951374976,1.6527708348054548,1.3083188784872177e-4,0.018128603126525446,0.016646194853410914,2286,"tags=29%, list=15%, signal=24%",4833/6389/29922/9061/2182/38/6392/109/2977/1737/6390/11332/100/55229/6785/50808/132/498/10606/3614/8833/4522/2180/4711/5471/10632/51422/54539/4715/2023/4719/23181/51703/2181/32/517/4535/10476/84532/7114/4882/10891/5160/4712/4713/4709/5198/4716/79993/790955/523/113,HH,Up,GO:0009152,purine ribonucleotide biosynthetic process,1.7416356585527957
GO:0043392,negative regulation of DNA binding,25,0.6506214739827572,1.9164347473873773,5.314781437344184e-4,0.04186247006363313,0.038439301079116174,1953,"tags=44%, list=13%, signal=38%",23028/9421/51176/22927/64771/51042/7341/8658/6608/3717/6672,HH,Up,GO:0043392,negative regulation of DNA binding,1.3781751500212875
GO:0002396,MHC protein complex assembly,18,-0.7471578377046872,-2.1750245346636743,3.8743530776689905e-5,0.013958002687815482,0.013034139406557994,1858,"tags=78%, list=13%, signal=68%",3108/3112/3115/3117/3127/3119/3109/3123/3113/55080/3105/6892/3111/567,HuT 78,Down,GO:0002501,"peptide antigen assembly with MHC protein
complex",1.8551767223804085
GO:0032816,positive regulation of natural killer cell activation,17,-0.7389250185949882,-2.094594180436322,7.782558268568821e-5,0.023830883732328893,0.02225354642034842,947,"tags=47%, list=6%, signal=44%",149233/3592/22890/3600/7297/3601/148022/10125,HuT 78,Down,GO:0032816,"positive regulation of natural killer cell
activation",1.6228598522000186
GO:0050851,antigen receptor-mediated signaling pathway,173,0.4714570707775651,1.8787800512459232,3.958102548698059e-7,0.0010884186755299643,0.0010163775625249617,1960,"tags=35%, list=13%, signal=31%",2534/916/7535/53347/28639/1445/3932/3071/1997/84174/9840/27086/1540/640/2633/10616/915/4208/7070/5074/54900/917/9214/100/163486/7006/26228/23607/10603/3635/5144/919/5142/50852/3937/5771/5583/974/4068/28755/973/5579/9404/3702/5621/2885/634/26191/2625/84433/23308/57181/123920/5788/89857/8892/59338/3514/28638/27040/150372,HuT 78,Up,GO:0050851,"antigen receptor-mediated signaling
pathway",2.9632040150271326
GO:0090130,tissue migration,236,0.4368734995285878,1.7980836425598488,4.0281964305328063e-7,0.0010884186755299643,0.0010163775625249617,2974,"tags=35%, list=20%, signal=28%",2113/11156/23189/9922/72/3964/3728/3397/10519/1512/5829/27086/23499/59/55612/10982/51466/4208/5294/6776/6722/6239/23129/55333/4163/6286/11151/5747/5578/25960/23603/7048/7857/116150/14/9404/7046/57669/1969/54566/634/22846/57608/2625/8660/161742/11235/3146/4763/2185/153090/54443/5216/3675/9734/2876/5613/4846/1839/10755/889/25865/5335/64218/7114/54345/2624/29941/8766/9270/29775/25/116844/1201/6615/2896/2050/28984/7124/3673/54567/7422,HuT 78,Up,GO:0090130,tissue migration,2.9632040150271326
GO:0001667,ameboidal-type cell migration,316,0.39010427355533583,1.643388044506625,9.236320893706038e-6,0.004991307810958742,0.004660939196255447,2878,"tags=31%, list=19%, signal=26%",9368/2113/11156/23189/9922/8482/3964/3728/3397/10519/1512/5829/27086/23499/59/3695/55612/10982/51466/4208/5294/397/6776/6722/708/6239/23129/55333/4163/3676/6286/11151/5747/5578/25960/23603/7048/7857/116150/4041/91/57124/55920/14/201161/9404/7046/57669/6405/1969/54566/634/22846/57608/2625/84159/8660/64750/161742/11235/5371/3146/4763/2185/153090/54443/5216/3675/9734/2876/5613/7481/4846/1839/10755/889/25865/5335/58495/3357/64218/8874/7114/54345/2624/29941/8766/9270/29775/25/116844/1201/6615/2896/2050/28984/55698/7124/3673,HuT 78,Up,GO:0001667,ameboidal-type cell migration,2.3017856466278137
GO:0031589,cell-substrate adhesion,260,0.3947247726167933,1.6407954339693767,2.298156325652099e-5,0.010349363986519951,0.009664352127347512,1965,"tags=25%, list=13%, signal=22%",7205/7791/4739/9806/10225/23189/916/3897/3728/4088/10519/87/5829/23499/5786/2633/10018/3695/55612/7070/6722/708/6239/960/6480/3676/11151/5318/5747/2041/23603/3204/7402/285613/3683/57091/55920/9404/9341/5590/57669/71/57662/6251/3655/10516/9480/3696/3682/84962/83700/81848/5328/9344/1020/4763/54749/7074/2185/51144/7414/3675/10109/5613/613/5054,HuT 78,Up,GO:0031589,cell-substrate adhesion,1.9850863386739235
GO:0051607,defense response to virus,252,0.3813793844544998,1.5780827471778467,1.3750983904702415e-4,0.033487403004977406,0.031270912385730196,2412,"tags=27%, list=16%, signal=23%",8519/60489/9641/10581/22900/8673/5359/85364/54541/6693/5551/197259/200316/3660/4940/256987/2633/5610/57506/708/57337/115362/834/84101/151636/91607/83666/11274/201292/79798/140564/4343/2150/91351/598/4615/2635/10155/7728/664/5245/85363/9474/7706/22978/5788/5371/4690/8165/25939/6041/10621/10077/55601/84282/51561/10868/4939/10875/3320/9188/4938/3428/29078/29108/246778/3659/64170,HuT 78,Up,GO:0051607,defense response to virus,1.4751185312997956
GO:0006302,double-strand break repair,289,-0.3178730324403084,-1.6274330946906344,1.0802242153705868e-5,0.0016380600657367038,0.001401690340251147,2616,"tags=30%, list=18%, signal=25%",10635/29072/125150/151636/4172/84142/196528/5591/51567/1111/284071/25836/6944/605/8317/55193/84250/3146/253714/1108/7486/55086/25939/7520/113510/5423/54969/545/79913/24144/6605/64769/25900/672/55257/54556/1663/4436/29117/4173/58493/675/57223/9401/8193/8914/25913/1653/86/79184/9275/9937/27339/6597/1457/23028/23126/142/7913/3297/8110/5892/7155/55345/6118/9907/8089/84515/6119/6599/83990/4176/9319/85456/3980/25/23137/254394/149840/6419/54799/80010/8289/79677/348654/6595,MyLa,Down,GO:0006302,double-strand break repair,2.7856701772155756
GO:0034502,protein localization to chromosome,109,-0.3786882556266546,-1.6737116561569199,3.046239691913094e-4,0.016139097348135647,0.013810248675515193,3122,"tags=39%, list=21%, signal=31%",546/23272/8365/7518/4796/10694/1736/157570/3009/29072/7014/55506/25836/84250/253714/55166/7520/545/80124/8019/27085/25900/3720/51535/4436/9656/7015/675/25913/9183/10576/142/10664/91272/222229/6118/84515/55920/23137/7013/254394/51176,MyLa,Down,GO:0034502,protein localization to chromosome,1.792120758813838
GO:0051983,regulation of chromosome segregation,122,-0.3638944571173346,-1.6428617772368914,5.483501821950858e-4,0.02315065925454878,0.019810052223544507,2379,"tags=29%, list=16%, signal=24%",196528/9587/10783/23310/605/23397/55193/51434/6605/56155/9918/51759/1843/29117/29882/8193/23369/51451/86/9275/9183/6597/1457/8110/10051/11130/6599/9319/55920/23137/8289/79677/348654/5359/6595,MyLa,Down,GO:0051983,regulation of chromosome segregation,1.635436637193066
GO:0033044,regulation of chromosome organization,236,-0.29901199396246414,-1.4622187778107032,6.237878853073427e-4,0.02530879129962797,0.021656768900086807,2223,"tags=24%, list=15%, signal=20%",10783/23310/605/23397/55193/84250/8260/7520/545/79913/51434/6605/56155/10155/9918/125476/170506/1663/51535/1843/29117/23293/29882/8193/4216/9869/57343/25913/51451/86/9275/9183/55196/10576/6597/142/8110/167227/201161/10664/10051/11130/8313/6599/9319/23137/7013/6419/10923/4609/8289/79677/348654/5609/3184/6595,MyLa,Down,GO:0033044,regulation of chromosome organization,1.5967285954358401
GO:0070936,protein K48-linked ubiquitination,80,-0.4191494360838879,-1.7630804740033759,7.966319750032215e-4,0.028322363111298744,0.024235486607958115,2572,"tags=35%, list=17%, signal=29%",151636/23220/7325/54765/22954/7321/23077/29089/51366/11337/7327/267/9111/92912/7324/57531/10477/223082/22978/54476/81847/10299/7326/23327/26268/84937/7323/6048,MyLa,Down,GO:0070936,protein K48-linked ubiquitination,1.5478705135747386
GO:0046631,alpha-beta T cell activation,155,0.5279362416552998,1.9755755493550593,2.1215908132085977e-8,5.732538377289631e-5,4.905341285487037e-5,2634,"tags=39%, list=18%, signal=32%",57045/7297/9021/942/1604/941/10538/1880/3600/30968/3718/604/29126/54440/7535/6522/7292/3559/64926/1386/4092/64332/917/6693/8809/915/3569/10892/8651/3566/9308/639/84433/10148/8764/5914/2841/975/6775/919/6778/868/6774/64410/4297/3726/3662/149233/80149/3707/135/80762/64919/5734/2529/28638/3702/64218/301/51561,MyLa,Up,GO:0046631,alpha-beta T cell activation,4.241653029142406
GO:0022407,regulation of cell-cell adhesion,366,0.4349262531679078,1.740624339235336,1.6124596115167696e-8,5.732538377289631e-5,4.905341285487037e-5,2407,"tags=31%, list=16%, signal=27%",57045/7297/942/1604/201633/5607/55824/11117/941/960/5578/3600/3718/8013/604/1803/648/6777/29126/54440/8728/7535/6522/7292/29851/2113/8631/3559/64926/7805/959/3111/4092/64332/288/6504/3958/7480/84830/10125/9840/6693/3575/2651/57178/64844/9223/3569/26154/1326/10892/8651/53827/3552/928/80381/3566/3956/5781/1493/4301/9308/4651/7784/3120/7040/101/11148/84433/3115/55714/8379/10148/8764/5914/399/975/999/868/10211/64410/4155/81542/6541/84034/961/7124/11151/149233/2650/5465/80380/83706/7494/80149/5747/80139/91663/3707/79414/6385/8440/5074/3112/9750/135/6604/80762/50848/9231/3557/2529/567/3329,MyLa,Up,GO:0022407,regulation of cell-cell adhesion,4.241653029142406
GO:0001819,positive regulation of cytokine production,360,0.4212889531970463,1.6822109295874477,2.3340184429733904e-7,2.1239830813697376e-4,1.8174953594719812e-4,1857,"tags=25%, list=13%, signal=22%",7297/942/1604/201633/3098/5008/941/10538/10626/5603/3600/30968/22861/8013/5295/6777/29126/54440/7292/192683/340061/5142/51157/468/7805/5293/51284/959/3315/1386/7096/4088/3578/6504/54502/914/9173/10125/6693/3554/5743/8809/841/1545/3569/2627/10892/3552/80381/3566/116449/5781/4050/115362/3596/23411/948/9308/7784/7040/64135/101/11148/84433/3091/3663/3115/84282/10148/8764/5914/10010/975/10211/6774/4155/3265/23643/1535/9447/5600/81622/56848/7124/3662/4939/24145/3595/149233/3603,MyLa,Up,GO:0001819,positive regulation of cytokine production,3.6728489469582843
GO:0070663,regulation of leukocyte proliferation,200,0.4761031168257338,1.8262134016749156,2.985925962618646e-7,2.226923132684992e-4,1.9055813085599692e-4,2200,"tags=30%, list=15%, signal=25%",57045/7297/942/1604/941/1880/3600/7293/604/648/6777/29126/54440/1435/7535/6522/684/7292/3559/64926/4773/959/51237/933/6504/3958/6654/5618/6693/64844/3569/598/3552/80381/1026/1493/3596/7784/11148/5880/84433/3115/8379/10148/8764/975/6778/868/5585/6541/11151/149233/3567/80380/5747/6385/8440/5074/80762,MyLa,Up,GO:0070663,regulation of leukocyte proliferation,3.652294773368695
GO:0019221,cytokine-mediated signaling pathway,350,0.4207381920326171,1.6771399028097844,6.376721386641739e-7,3.4459802373411954e-4,2.948730215949175e-4,2457,"tags=28%, list=17%, signal=24%",7297/6776/7157/5008/960/3587/8718/8519/3600/10581/3718/7293/149951/5295/6777/5468/90268/1435/142678/400935/5355/340061/3559/3601/3667/7805/28512/64332/7357/355/103/54502/6654/9173/5618/3554/3575/8809/841/4486/3569/8651/6091/3552/3566/5781/2921/1907/23411/401397/64135/3624/84522/3091/3663/10148/8764/2859/8792/2241/57007/6586/10010/8784/2826/6775/6778/114769/6774/837/10413/9447/59307/3656/7124/4939/3595/54726/149233/3953/3567/11240/3556/330/90933/6348/5071/7804/8807/1235/8638/3557/1984/6772/6367/5034/7128/7185/3627,MyLa,Up,GO:0019221,cytokine-mediated signaling pathway,3.462687217554931
GO:0042254,ribosome biogenesis,313,-0.43417710920998237,-2.182276270526771,1e-10,2.4109649411517694e-7,1.983699386697003e-7,2993,"tags=39%, list=20%, signal=32%",57647/54680/10171/10360/6201/51121/55651/23160/84864/51010/6130/6194/317781/29063/6059/79707/55759/6217/51406/91893/134430/51550/56342/85865/55035/55794/7514/79039/9221/27292/2971/50628/8450/9136/9669/51106/10557/55695/6839/54552/57602/83732/4809/10813/27340/51068/26155/10514/25983/54700/84128/6207/51001/79066/81887/29081/1662/23378/84365/54433/64745/10248/51116/23195/5036/23016/55226/51491/9775/51077/6169/64282/11137/22894/90121/8886/7520/64434/9790/55027/29777/6210/4927/2091/54555/1983/9188/118460/84916/6154/51042/27043/55720/6135/84946/83939/6208/5822/55052/57109/84881/51154/5901/5394/6209/51119/51388/55178/1964/11340/8451/57418/84549/92856/51081/6230/10200/28987/90459/708/26156,SeAx,Down,GO:0022613,ribonucleoprotein complex biogenesis,6.617809104834089
GO:0034470,ncRNA processing,406,-0.367320756717066,-1.8716188614976201,1.3384335350583474e-10,2.4109649411517694e-7,1.983699386697003e-7,3001,"tags=35%, list=20%, signal=29%",1653/57647/54680/10171/54901/6301/10360/6201/55651/131965/23160/51010/6130/6194/348180/317781/29063/79707/55759/6217/54859/221078/51406/91893/127253/23318/55623/134430/84705/1787/56342/6895/25821/55035/10667/54802/54974/81627/79039/54973/54517/9221/54920/27292/50628/55756/9136/80324/51106/10557/93587/55695/84520/6839/81605/113802/57602/123263/83732/4809/7247/60487/6741/10813/27340/55798/3735/25983/84128/79693/91801/9692/79066/115708/8846/81887/29081/1662/23378/84365/54433/10248/5036/55250/23016/55226/9775/51077/64282/11137/22894/55140/90121/8886/158234/9790/29777/55644/29066/57570/3028/134637/2091/23405/54555/9188/118460/84916/6154/27043/55720/6135/57117/6208/5822/51574/51637/57109/84881/51154/24140/207/5394/6209/25940/283989/51119/55178/5073/23587/60528/11340/57418/84549/92856/6230/201164/10200/28987/90459/79828/26156,SeAx,Down,GO:0034470,ncRNA processing,6.617809104834089
GO:0007005,mitochondrion organization,461,-0.333506052155077,-1.7152160579594031,2.0439386535193035e-8,1.0041313166925742e-5,8.261815188962238e-6,3129,"tags=36%, list=21%, signal=30%",11152/11345/598/65018/22906/55669/125988/7019/26235/79823/81631/55187/487/84987/92609/137682/1678/6687/6648/8936/55062/1763/4711/4707/5018/84233/4709/6790/139341/56181/22863/3320/581/729515/4728/26515/54974/1267/51537/57226/64112/81554/27166/23788/23647/1459/3313/4702/6240/91647/5245/10651/80119/64863/7386/2810/374291/57602/55750/154791/26520/23230/79135/4719/131474/11140/80224/4725/79594/79017/728568/23192/4705/56270/3308/4976/90550/3155/26521/8473/7156/5864/10452/51499/7037/55102/23287/10962/29928/706/26519/90624/117145/9927/9093/1386/83667/152926/4708/9167/6548/158234/57001/11315/91942/10463/3091/5898/54902/513/51295/3028/79065/28978/84971/8834/3329/2395/55471/54539/26355/81892/4694/664/1347/3799/5716/617/578/26517/1352/6832/10087/647087/2631/10075/4706/55210/207/10928/9361/10105/4000/55737/83858/7416/3099/90871/55735/192111/6341/23277/54927/9131/6742/10730/56947/84275/201164/84883/64423/55572/80821/10939/292/30968/493856/93974,SeAx,Down,GO:0007005,mitochondrion organization,4.998209488002048
GO:0072655,establishment of protein localization to mitochondrion,112,-0.4980475959380668,-2.16777372316395,7.20150088146779e-8,3.14329984613735e-5,2.586251616752536e-5,2885,"tags=46%, list=19%, signal=37%",92609/1678/5018/3301/23203/80273/3320/581/26515/64112/23788/1459/10651/57602/134266/55750/26520/131474/3308/118424/26521/10452/10245/29928/9512/706/26519/5880/4285/9927/51100/158234/5898/3329/55823/10055/10469/29103/617/9049/26517/10075/3998/207/3099/100287932/9131/56947/7323/3098/93974,SeAx,Down,GO:0070585,protein localization to mitochondrion,4.502614188721008
GO:0140053,mitochondrial gene expression,163,-0.4356722093764902,-2.0023684915743662,2.225914445068337e-7,7.518026038218308e-5,6.185699089453062e-5,2611,"tags=36%, list=18%, signal=30%",85476/55005/11222/23107/57038/54998/9238/124995/25821/122704/9617/54802/81554/51263/80324/29074/55168/51106/55278/64863/10352/56945/10240/57215/65080/64960/57129/51001/9692/78988/8846/219927/51116/2617/63875/5188/28973/57570/3028/90480/3396/51650/54948/23395/6832/29093/55052/84881/51253/124454/60528/79675/51081/5442/84275/51073/79828/708/7284,SeAx,Down,GO:0140053,mitochondrial gene expression,4.123896174467518
GO:0072001,renal system development,218,0.4797432833702831,2.0035120610766515,3.1236103226671454e-10,2.9936085409096385e-7,2.463088253691674e-7,3455,"tags=45%, list=23%, signal=35%",84445/6659/596/10409/4851/23322/3399/639/7161/171023/90780/650/4811/4208/3217/5076/2263/2066/55366/5125/5727/2260/5175/56913/84662/5455/2296/5420/3248/1499/6495/9510/7466/403/25836/4643/3690/3570/4091/203286/1739/8692/2131/163/139285/7917/51107/9863/9231/3227/2043/6092/4088/55959/93/7020/100133941/2297/2674/4853/5915/56603/25959/10018/7849/9955/170690/90410/5754/8516/4086/3280/8842/1644/5530/284/3975/8879/5311/3207/4038/144165/282679/5154/231/847/1063/221322/2138/2247/1512/182/10252/652/23129/1948/11020/6662,SeAx,Up,GO:0072001,renal system development,6.5238049907791815
GO:0007389,pattern specification process,313,0.4444690899350144,1.9170274792679167,3.3237696605214346e-10,2.9936085409096385e-7,2.463088253691674e-7,3883,"tags=45%, list=26%, signal=34%",7157/7093/9289/50937/22856/23314/10409/4851/23322/2033/4281/84976/65981/650/3955/9371/4208/3217/6496/5076/2263/8626/7026/2066/54903/1952/7832/5125/5727/2260/2622/6091/145258/4041/2296/6015/10655/388591/6656/1399/1499/6495/221833/7703/7289/79365/56917/5089/5308/27023/4212/444/9968/4091/657/2186/3219/203286/2131/4211/9355/23432/3227/6899/6092/56983/57822/54778/6926/4088/93/10370/2297/3087/3216/4488/3212/4853/7080/408050/4681/23493/23424/64388/8320/79176/56603/3226/7849/23272/284086/11022/8553/3218/4086/3280/4040/51098/3975/5311/121643/26160/3207/659/3202/4038/3200/144165/6909/90/367/5046/10818/221322/2138/10468/3169/2247/3224/7048/57534/10252/652/57801/23059/57585/27019/1959/6604/5087/3225/25914/199221/9645/4036/7046/51626/3223/27031/3206/3234,SeAx,Up,GO:0007389,pattern specification process,6.5238049907791815
GO:0001763,morphogenesis of a branching structure,128,0.5129485200199435,2.0170107425478463,8.143263850096763e-8,3.14329984613735e-5,2.586251616752536e-5,3670,"tags=51%, list=25%, signal=39%",3845/596/4851/1522/4192/639/650/25/10765/4233/780/3217/5076/2263/57142/8626/6474/54903/55366/3082/5727/2260/4204/4041/1435/10253/1499/6495/1739/2131/59277/9231/6926/2297/4488/7080/7849/8914/9955/170690/1813/3975/5311/3207/9620/3202/5154/6909/90/367/10818/2138/3169/9175/2247/1512/10116/7048/10252/652/23129/6662/64783/5087/4323,SeAx,Up,GO:0001763,morphogenesis of a branching structure,4.502614188721008
GO:0010975,regulation of neuron projection development,336,0.3951683303762977,1.7140148092860024,2.687290318638661e-7,8.542421695249014e-5,7.028553749801674e-5,3514,"tags=38%, list=24%, signal=30%",23654/25987/5792/26115/23413/4193/23191/4921/84628/4192/27/2033/83999/65981/25/7025/780/952/8507/22891/5364/57142/9314/9423/6474/9820/54664/1627/2260/5793/23557/6091/22902/6498/567/1272/23271/950/55704/1608/9693/8934/1399/23043/348/8321/23327/4734/115703/57698/63923/1268/5587/79625/7337/55714/2048/349667/81618/2664/9912/9863/5728/9024/1946/9139/57463/57520/2043/818/6092/1523/51393/4756/10500/2889/5454/8408/57465/10505/2580/4137/27020/23251/84879/3066/8482/29116/6695/5754/4135/85358/11075/3280/5530/5997/4858/157285/55558/64175/659/4038/154141/23111/7869/4133/2316/56965/2011/85442/7436/55754/23064/120114/2288/140578/4139/25793/9175/9638/3196/5526/23129/1948/10611/8850/162979/9762/84446,SeAx,Up,GO:0010975,"regulation of neuron projection
development",4.068418993503988
GO:0090596,sensory organ morphogenesis,175,0.4576380244925597,1.8651955588689835,4.6730492550523703e-7,1.2626579087151503e-4,1.0388926343863795e-4,3370,"tags=44%, list=23%, signal=34%",25987/6659/596/50937/4851/23322/22882/639/9215/4646/26018/6496/5076/2263/9423/7291/2624/5594/2260/7976/145258/4041/6015/148398/10253/6656/1499/6495/2535/25836/4669/5308/55714/2048/4211/613/3198/5309/115908/4124/6899/57822/6926/25861/7020/10370/220/4853/23424/6096/140469/5915/84879/56603/3066/7849/5754/8516/8323/8842/6101/3975/121643/11078/26160/23554/23418/6909/10818/55636/120114/2138/2247/128637/5797/182/652,SeAx,Up,GO:0090596,sensory organ morphogenesis,3.8987142966982526
